Clown,Explosion,hackingCD,MathTime,MoneyRain,PokiShare,TakingNotes,:0,:33,!boost,+1,1DLove,3Head,3Heading,4Weird,5Head,Acknowledged,ACTINUP,ADHD,AIM,AIWITHTHEBRAIDS,Alfred,AlienDance,AlienPls,AlienPls3,Aloo,amongE,ANGRE,ANOTHERONE,AREYOUAGIRL,arnoldHalt,AWOO,axelF,barack,Based,BASED,batPls,Beatles,Bedge,BEGGING,Belling,BHOP,BigD,Bloons,BOOBA,BOOMIES,Borfday,BORGIR,brbToilet,Broadcaster,BRUHMM,BUSSERS,BUSSIN,catAsk,catBusiness,catDespair,catJAM,catPls,catSmash,CatTime,catTwerk,Caught,CaughtIn4K,CHADDING,Chillin,Clap,CLEAN,CLIPPERS,CLOWNDETECTED,COCKA,cokeBreak,COMEHERE,CoolMonkey,COPIUM,crabPls,Cuck,Cuh,Cyat,Dave,deadassFaint,Delusional,DemonTiming,Dime,DinkDonk,docAwaken,DOCBOZO,docnotL,doggoSlava,dogJAM,DogLookingWickedAndCool,donowall,doroCD,DoroCheer,doroFiddy,doroFlex,doroGHOST,doroHEAD,doroJAM,doroL,doroMAD,DOUBTERS,DRAIN,Drake,DrDisrespect,drooling,duaKiss,dudWhat,emo,emo2,FeelsTiredMan,FeelsWowMan,FellOff,fembajJAM,FiddyWtf,FLASHBANG,Flirt,flowerr,Flushed,forsenCD,forsenLaughingAtYou,FUNNY,gachiHYPER,GAMBA,GAMING,GIGACHAD,GIGACHAIR,glizzyoverdrive,GODDID,Gogging,GotEEM,gothKiss,gPls,GuitarTime,HABIBI,HACKERMANS,HaltEinfachDeineFresseDuHurensohn,HandsUp,happi,HARAM,Headbang,HeDisconnected,HEHE,Heisenberj,heyywithrizz,HEYYY,Hmm,HOBBY,HOLY,homelessPOV,HUH,ICANT,IFISPEAK,Ignored,IMAGINENOTHAVING7TVGETFUCKEDNON7TVUSERSIMAGINENOTHAVING7TVGETFUCKEDNON7TVUSERSIMAGINENOTHAVING7TVGET,ISeeYou,itsover,Jackass,Jay,JESSE,joever,john,JokerHAHA,JokerLaugh,JumpScared,JustAnotherDay,justinbieber,KanyeStare,KENOUGH,KKalinka,KKonaW,KKool,Lamonting,lebronJAM,LetsBingo,LETSGO,Life,Lithuanian,LittleTrolling,Loading,Looking,LULW,lurkk,Madge,MAJ,ManchesterUnited,MicTime,Modding,mods,Mog,monakS,monkaTOS,monkaW,MONKE,monkeySip,muted,MYHEARTILOVEDHER,NAHH,NAHHH,NAHHHH,NAILS,NAILSING,NAUR,Nerd,NODDERS,NOIDONTTHINKSO,NoMaidens,NOOOOO,Noppers,NOSHOT,notxqcL,NOW,nt,ohhh,ohneFinger,ohno,ok,OLDWORK,omEE,OMEGALUL,omeStare,OnMyWayToDoroMomHouse,OOOO,oopsie,OuttaPocket,OverwhelminglyWholesome,owoCheer,PagBounce,PagChomp,PagMan,parasocial,PARASOCIAL,PEEPEES,peepoClap,peepoComfy,peepoDJ,peepoEvil,peepoFat,peepoHey,peepoKiss,peepoLeave,peepoLegs,peepoMarch,peepoPride,peepoShy,peepoSmile,peepoTalk,pepeAgony,Pepega,PepegaAim,PepegaChat,pepeGun,PepeHands,pepePoint,pepeW,PepoG,Pffttt,pickle,Pipege,pL,PogU,pokiFlirt,PotFriendDance,POVbornbefore2000,ppHop,ppOverheat,Prayge,RAHH,RaveDance,RaveTime,Reacting,RememberTheDays,RIPBOZO,RIRI,Rizzler,ROFL,RussiaPls,ryanArrive,Sadding,SAJ,SCAMMED,Scared,SCHIZO,SCHTOP,SEXO,Shits,Sippin,sisyphus,Smile,Smoge,SNIFFA,spfLEAN:()wiltee_()tonyhawkproskater4:-:-:_FREEWAVE3-encinoman--:enteringwalmart:-wheezethelean-123,spongePls,squadHips,Staring,STREAMER,SurE,susDog,SUSSY,Swag,TeamEDWARD,TheVoices,TheWolfInMe,Thinking,THINKING,Thinking2,TIMEOUT,Tomfoolery,totallylistening,TriKool,TriSad,TRIVSsorry,TRUEING,Tuckge,TWEAK,UGH,unmod,uwu,vibePls,VibePls,VIEWERS,WAHHH,WAIT,Waiting,WaitingForLove,WAITWAITWAIT,WAJAJA,WeDoNotCare,weirdChamp,WELSH,WePaid,wig,WW,xar2EDM,xd,xqcBOZO,xqcDespair,xqcFuel,xqcGoofy,xqcTake,xqcTwerk,YANITED,YAPPING,YIPIEE,Yoink,YOOLOOKATTHISCATDOINITSLILDANCYDANCEINTOABREAKDANCEMOVE,Yooo,YOOOLOOKATTHISCOCKWITHDADRIPSHII,ZhongXina,:tf:,1984,1Directioning,AINTNOWAY,AreYouSeriousRightNeow,Aware,BANGER,Banties,barryArrive,BatChestAbove,BELIEVERS,bieberDougie,bog,bruv,buh,CatCozy,chilling,classic,Dentge,despair,DespairRyan,Devious,Devious,Doc1v1,DRAMA,EdwardStare,Evilge,fadedthanaho,FARMING,Fiddy,fortnite,GAGAGA,gamily,gigl,girlBoss,GivenUp,gkitten,HarryStylesKiss,HELLO,hesRight,hi,ImNotOk,itstime,LETHERCOOK,LETSFUCKINGJOE,LiterallyMe,LOCKIN,MARIO,Martin,matSad,Memories,mhm,ModAbuse,MVP,niceguy,nonono,o7,OHMYGAWDD,okak,omE,OMEGALULiguess,owoshy,peepoBelievers,peepoDoubters,peepoGiggles,peepoHug,peepoLove,peepoLove,peepoStop,pepeJAM,pKitten,Plotge,Pointless,poroPls,PRIMERS,PTSD,RAGEY,ratio,ReallyMad,Reddit,RiddleMeThis,Sadge,SADge,SAVEME,Shruge,silliness,Sits,SLAY,sotruebestie,SOYSCREAM,Stare,StreamEnding,Susge,ThePaulers,UltraMad,VALORANT,VeryPog,wallE,WatchingStream,WeAreLive,WHAT,WHOAAA,WHOLETHERCOOK,WHOLETHERSLAY,WICKED,WOT,wrapitup,Xd,xJAM,xqcSlam,YEP,YouWouldntGetIt,zyzzBass,!play,AAAAAAAAUHGGH,AREYOUAGIRLFtxQcYellingAtYou,ayo,brb,CAUGHT,chatters,CS2,damily,DeathIncoming,DIESOFCRINGE,dimacut,Dorozea,EDITING,Enough,FINALLY,firsttimebuh,FirstTimeChadder,FirstTimeChatter,GameplayTime,gettingjiggywithit,gg,GotCaughtCheating,GotCaughtTrolling,GREEDY,GRRR,HowDoWeTellHim,iAsked,ImtiredBoss,INTENSEGAMING,KEKW,KeyShaker,lebronArrive,LieMeter,Listening,LOL,LookUp,luton,MarblesTime,me:,MeRN,MONKA,MyExistenceIsNothingButAGrainOfSandComparedToTheEntireScaleOfTheUniverse,MYLIFE,noonecares,notListening,NOWAYING,Ohh,OVERWATCH,paul,Peace,popipopipipopipo,raid,RightThere,SNACKING,STREAMERSGIVINGTHEWORSTFUCKINGTAKESINEXISTENCE,THIS,TITANHOLO,unemployment,uuh,VeryKey,vibeeparty,Voices,Waddup,waiting,walterShocked,WalterVibe,War,WHATAFUCKEDUPDAY,Whenyourinnerwolfreleases,WhoAsked,WideHUH,xqcL,YouGotMe,zyzzJAM,PokiShareW,WIDEALERT,WideRaveTime,!join,!lurk,!unfollow,Adge,ads,ahmadmuhsin,BantiesPaulBeef,BINGO,bye,Cinema,doroBiceps,DoroTalkingAgain,GoodTake,HAH,hiii,iDrive,imback,IMGOINGINSANEANDCOMPLETELYLOSINGITAAAAAAAAAAAHHHHHHH,jacob1,jacob2,jacob3,jacob4,Joel,LastTimeChatter,NAvsEU,NOCHECKMARKS,NOHORNY,ome32,ome5,OMEYES,OMFG,OneGuy,ONEMORE,OVERWORKING,paidchatter,peepoAds,peepoRiot,phpk,plink-182,plinkVibe,plonk,RealForsen,StoryTime,ThisChat,TriJam,wideduckass,WideHardo,WidelebronJAM,widemonkaGIGAftRobertDowneyJr,WidezyzzPls,xqc32,xQcVeryWide,YOUDIED
0,0,0,0,0,0,0,3,0,0,2,1,0,0,1,2,0,1,1,0,0,1,7,3,0,0,0,0,1,0,1,0,0,0,0,0,0,0,1,0,0,0,0,0,0,0,0,1,0,0,1,0,1,0,1,1,0,0,0,1,0,0,1,0,0,2,0,0,1,0,0,0,0,2,0,0,0,0,2,0,0,0,0,1,0,0,3,0,0,0,5,0,0,0,0,0,0,1,0,0,0,0,0,0,0,0,0,0,0,0,0,0,0,0,1,0,0,0,0,0,0,0,2,0,2,0,0,0,0,0,0,0,0,0,2,0,0,0,0,0,0,12,1,0,0,6,0,0,0,2,7,0,0,0,0,0,0,0,0,0,0,0,0,0,0,0,0,0,0,0,0,0,1,0,8,0,0,0,0,0,11,0,0,0,0,0,0,3,0,0,0,1,0,0,4,1,0,1,0,0,1,0,0,1,0,0,0,2,0,0,0,6,1,0,0,16,0,1,5,0,0,0,0,0,0,0,0,0,0,0,0,0,0,0,0,0,0,2,0,0,0,0,0,0,0,0,0,0,0,0,0,0,0,0,0,0,0,0,0,1,1,0,0,0,0,0,0,0,0,1,0,0,0,0,4,0,0,2,0,0,0,2,0,0,1,0,0,5,0,0,0,1,0,0,0,0,0,0,0,0,0,0,0,0,0,0,0,0,0,0,0,1,0,1,3,0,2,0,0,0,0,0,0,0,0,0,0,1,0,0,2,0,0,0,0,0,0,0,0,0,0,0,0,0,0,1,0,1,0,1,0,8,0,8,0,2,0,0,0,0,0,0,2,0,0,6,0,0,0,1,1,0,0,0,0,0,0,1,0,0,0,0,0,0,0,0,0,1,13,0,0,0,0,0,0,0,2,0,0,34,0,0,0,0,22,0,0,39,0,0,0,0,0,0,0,0,0,0,0,0,0,0,0,5,0,0,4,0,0,1,2,0,0,0,0,0,0,0,1,0,3,0,1,0,1,0,0,0,3,0,0,0,0,0,0,0,0,0,3,0,0,48,0,0,2,2,3,0,0,0,0,3,0,0,0,0,0,0,0,2,0,0,1,0,0,0,0,0,0,0,0,6,0,2,0,3,1,2,0,0,0,0,23,0,1,0,0,6,0,0,7,0,0,13,0,0,0,1,0,0,1,0,0,0,0,3,0,0,0,0,0,0,0,1,0,0,0,0,0,0,0,0,0,0,0,0,0,3,0,0,0,0,0,1,0,0,0,1,1,1,1,0,0,0,0,0,0,0,0,0,0,0,0,0,0,0,0,0,2,0,0,0,0,0,0,0,1,0,0,0,0,0
0,0,0,0,0,0,0,3,0,37,2,0,0,2,0,4,0,2,1,0,0,0,1,0,0,0,0,1,1,1,5,1,0,0,2,4,1,0,0,0,0,0,1,0,0,0,0,0,0,0,1,6,0,2,0,3,4,0,1,1,0,0,0,1,0,5,0,0,2,1,0,0,0,4,0,1,1,0,0,1,0,0,0,0,0,0,6,0,0,0,1,0,0,1,0,0,0,0,1,2,3,0,0,0,0,0,0,0,0,0,2,0,2,1,4,3,0,0,6,2,1,0,24,0,4,0,0,0,0,0,0,0,0,0,0,0,0,5,2,0,0,8,0,0,0,10,0,0,0,16,17,5,0,0,0,0,0,0,0,3,0,0,0,0,0,0,0,0,0,0,0,0,1,0,6,0,0,0,0,0,9,0,1,0,0,0,0,6,0,0,1,0,0,0,6,0,4,1,0,0,0,1,2,1,1,0,0,0,0,0,2,11,1,1,0,15,0,5,52,0,0,2,1,0,0,1,2,1,2,1,0,0,1,0,0,0,0,4,0,1,0,0,0,0,0,3,0,0,0,0,0,0,0,1,0,0,0,0,0,1,1,0,0,0,0,3,0,2,0,2,1,0,0,1,0,0,0,1,0,0,0,2,0,1,0,0,0,2,0,0,0,0,0,2,0,0,0,0,0,0,0,0,0,0,0,0,2,0,0,0,0,0,0,0,5,0,2,0,1,0,0,3,0,1,0,0,0,4,0,0,2,0,0,9,0,0,0,0,0,0,0,0,0,0,0,5,0,1,0,0,0,16,0,13,8,5,0,0,0,0,0,0,7,0,2,18,0,2,0,3,3,0,0,0,0,0,0,2,1,0,9,0,1,0,0,0,2,2,18,0,0,1,0,0,0,0,1,0,0,69,0,0,0,0,23,0,2,49,0,0,1,0,0,0,0,0,0,2,0,0,1,1,0,5,0,0,2,0,0,7,3,2,0,0,0,4,3,1,2,0,1,0,0,0,0,2,0,0,13,0,0,0,0,0,0,1,0,0,8,0,0,71,1,0,1,0,2,0,0,5,0,2,0,1,0,0,1,0,1,1,1,0,6,1,0,0,0,0,0,0,0,3,0,2,8,14,1,4,0,0,0,1,9,0,0,0,0,17,1,8,13,0,0,28,0,0,0,1,0,0,6,0,0,0,0,0,0,2,1,0,0,0,0,6,0,0,0,0,0,0,0,0,0,2,0,0,0,8,0,0,0,0,0,7,0,3,0,1,1,1,1,0,0,0,1,0,1,3,11,0,0,0,0,4,0,0,0,0,6,0,1,1,0,0,0,0,0,0,0,0,1,0
0,0,0,0,0,0,1,5,0,0,2,0,0,0,0,2,0,0,1,1,0,4,0,5,1,3,0,2,0,0,1,0,0,0,2,1,0,0,2,0,0,0,0,0,1,0,0,0,0,0,0,1,2,2,0,1,7,3,0,4,0,0,0,0,0,6,0,0,2,0,0,0,0,4,0,0,1,0,4,0,0,0,0,2,1,0,1,0,1,0,1,0,0,0,0,1,0,0,0,0,0,0,2,0,3,0,0,0,0,0,0,0,3,0,5,4,0,2,2,4,0,0,13,0,9,0,0,2,0,0,0,0,0,1,0,0,0,3,0,0,0,15,0,0,0,3,0,2,0,5,16,0,0,0,0,0,0,0,0,0,0,0,0,0,0,0,0,0,0,0,0,0,5,0,7,1,0,0,0,0,8,0,0,0,0,0,0,4,0,0,0,1,0,0,4,0,6,2,0,0,0,2,2,1,0,0,0,1,0,0,2,11,2,0,0,18,0,4,12,0,0,1,0,0,0,2,1,0,1,2,0,0,1,0,0,0,0,2,0,0,0,0,0,1,0,0,1,0,1,0,0,1,0,0,0,0,0,0,0,3,1,0,0,0,0,5,0,0,0,0,0,3,0,0,0,0,0,2,3,0,0,1,0,1,0,0,0,3,0,0,0,1,0,0,0,0,0,0,0,0,0,0,0,1,0,0,0,0,0,0,0,1,0,0,4,0,0,0,0,0,0,0,0,0,0,0,0,2,0,0,2,0,0,4,0,0,0,0,0,0,0,0,1,0,0,4,0,1,2,0,0,35,0,11,23,5,0,0,0,0,0,0,1,0,0,19,1,2,0,2,2,0,1,0,0,0,0,2,1,0,0,0,0,0,0,0,0,3,16,0,0,4,0,0,0,0,4,0,2,118,0,0,0,1,27,0,3,82,0,0,0,0,0,0,0,0,0,0,0,0,0,0,0,7,0,0,4,1,0,3,0,4,0,0,0,1,1,0,1,0,2,0,3,0,1,0,0,0,6,0,0,0,0,0,0,0,0,0,10,0,11,88,0,0,0,1,3,2,0,0,0,5,0,0,0,0,2,0,2,0,0,0,12,0,0,0,0,0,0,0,0,6,0,3,7,20,9,1,0,0,0,0,16,0,2,0,1,11,0,2,11,0,0,6,0,0,0,2,0,2,3,0,0,0,0,1,0,0,0,0,0,0,0,0,0,1,0,0,0,1,0,0,1,1,0,0,0,4,0,1,0,0,0,1,1,1,0,0,0,0,0,0,0,0,0,0,0,1,13,0,0,0,0,1,0,0,0,0,4,0,0,0,0,0,4,0,1,0,0,0,0,0
1,0,1,0,0,0,1,2,0,17,1,0,0,1,1,2,0,1,0,1,0,0,0,0,0,0,0,0,0,0,0,0,0,0,3,1,0,0,1,0,0,0,0,0,2,0,0,0,0,0,0,0,0,2,1,2,8,1,0,0,0,1,0,1,0,8,0,0,4,0,0,0,0,3,0,0,1,0,8,0,0,1,0,1,0,1,3,0,0,0,2,0,0,0,0,0,0,2,0,0,0,0,2,0,0,0,0,1,0,0,1,0,1,2,2,0,0,1,0,1,0,14,3,0,6,0,0,0,0,0,1,0,0,0,0,3,0,0,0,0,0,11,0,0,1,7,0,1,0,6,6,1,0,0,0,0,0,0,0,0,0,0,0,0,0,0,0,0,0,1,0,0,2,0,3,0,0,0,0,0,7,0,0,0,0,0,0,5,1,0,0,0,0,1,0,0,1,0,0,0,0,0,1,1,0,0,0,1,0,0,0,11,1,0,0,17,0,3,6,0,0,2,0,0,0,2,0,2,0,9,4,1,0,0,0,0,0,3,0,1,0,0,0,0,1,1,1,1,0,0,0,1,0,0,1,0,0,0,0,2,0,0,0,0,0,1,0,0,1,0,0,5,0,0,0,0,0,8,3,0,1,1,0,0,0,0,0,2,0,0,0,0,0,1,0,0,0,0,0,0,0,0,0,1,0,1,0,0,0,1,0,3,0,1,2,0,0,1,2,1,0,1,2,0,2,0,0,8,0,0,1,0,0,8,0,0,0,1,0,0,0,0,1,0,1,5,0,0,0,1,0,5,0,5,19,6,0,0,0,0,0,0,1,0,1,13,1,0,0,1,1,0,0,0,0,0,0,2,0,0,0,0,0,0,0,0,0,3,18,0,0,0,0,0,0,0,2,0,1,84,0,1,0,0,38,0,0,53,1,0,0,0,1,0,0,0,0,0,0,0,0,0,0,3,0,0,0,0,0,2,0,3,0,0,0,4,0,3,0,0,3,0,1,2,0,0,0,0,3,3,0,0,0,0,0,0,0,0,5,0,0,92,0,0,0,1,3,1,0,0,0,2,0,1,0,0,1,0,0,1,2,0,20,0,0,0,0,0,0,0,0,2,0,1,6,25,6,0,0,2,0,0,15,1,2,0,0,2,0,1,4,1,0,7,0,0,1,1,2,0,1,0,0,0,0,1,0,0,0,0,0,0,0,0,1,2,0,0,0,1,0,0,0,3,0,0,0,3,0,0,0,1,0,3,0,2,0,0,0,0,0,0,0,0,0,0,1,5,0,0,0,0,0,0,0,0,0,0,6,0,0,0,0,2,2,0,0,0,0,0,0,0
0,0,0,0,0,3,1,1,0,4,1,0,0,1,1,0,0,1,0,1,2,0,0,0,0,0,0,0,0,0,5,0,0,0,4,4,0,0,1,0,0,0,0,0,0,0,0,0,0,0,0,0,1,1,0,2,5,0,0,0,0,1,0,0,0,2,0,0,6,0,0,0,0,0,0,0,1,1,6,0,0,1,0,1,0,0,6,0,1,0,0,0,0,0,0,0,0,0,0,0,0,0,0,0,0,0,0,0,0,0,0,0,1,0,1,1,0,0,1,2,0,0,1,1,3,0,0,0,0,1,0,0,0,0,0,0,0,0,0,0,0,24,0,0,0,11,0,1,0,2,7,3,0,0,0,0,0,0,0,1,0,0,0,0,0,2,0,0,0,0,0,0,3,0,4,2,0,0,0,0,5,0,2,0,0,0,0,2,1,1,0,2,0,2,1,0,3,1,0,0,0,0,2,2,1,0,0,0,0,1,0,9,2,0,0,11,0,4,14,1,0,1,1,0,0,2,1,1,5,2,0,0,1,0,0,0,0,2,0,0,0,0,0,1,0,0,0,0,0,0,0,1,0,0,0,0,0,0,0,1,0,0,0,2,0,2,0,0,0,1,1,2,0,1,1,0,0,3,1,0,1,3,0,2,0,1,0,2,0,0,0,1,0,0,0,0,0,0,0,0,0,0,0,2,0,0,0,0,0,0,0,2,0,0,3,0,2,0,1,0,2,0,2,0,0,0,0,0,0,0,1,0,0,3,0,0,0,0,0,0,0,0,0,0,0,5,1,0,0,0,0,15,0,10,8,1,0,0,0,0,0,0,3,1,0,14,2,0,0,7,7,0,0,0,0,0,0,0,0,0,0,1,0,0,0,0,2,3,12,0,0,2,0,0,0,0,4,0,1,92,0,0,0,0,21,0,4,36,0,0,0,0,0,0,0,0,1,0,0,0,0,0,0,10,0,0,4,0,0,5,4,0,0,0,0,0,0,0,1,0,2,0,3,0,0,0,0,0,3,0,0,0,0,0,0,0,2,0,2,0,0,47,0,0,1,3,2,2,1,1,0,7,0,0,0,0,1,0,2,3,0,0,16,0,0,0,1,0,0,0,0,0,2,2,5,7,9,1,0,0,0,1,9,0,3,0,0,5,0,2,13,0,0,7,0,0,0,3,0,1,3,0,0,0,0,0,0,1,0,0,0,0,1,0,3,2,0,0,0,0,0,0,0,2,0,0,0,2,0,1,0,1,0,1,0,1,0,1,1,1,1,0,0,0,0,0,0,9,9,0,0,0,0,3,0,0,0,0,1,0,0,0,0,0,1,0,0,0,0,1,1,0
0,0,0,0,0,0,0,7,0,2,0,0,5,0,2,3,0,0,3,3,0,2,8,2,3,0,0,3,0,8,2,0,0,1,5,1,0,0,2,0,1,0,0,0,1,0,0,0,1,0,0,1,0,0,0,2,5,0,0,3,0,2,0,0,0,4,1,0,4,0,0,0,0,7,2,0,0,0,0,4,1,0,0,1,1,0,4,0,0,2,0,0,0,0,0,1,0,0,2,1,0,0,2,0,0,0,0,0,0,0,0,0,5,0,3,1,0,1,0,2,0,1,0,0,20,0,0,1,0,0,0,0,1,0,1,0,0,1,0,4,0,8,0,0,6,4,0,1,0,21,21,2,0,0,0,0,1,0,0,2,1,0,0,0,0,3,0,0,0,0,1,0,6,0,5,1,0,0,0,0,20,0,0,0,0,0,0,2,0,0,0,2,4,0,5,0,11,3,2,0,0,11,3,2,2,0,0,1,0,0,2,9,0,0,1,24,0,3,17,1,0,2,1,1,0,1,5,0,8,2,0,0,1,0,0,0,0,2,0,5,0,0,0,0,0,0,0,1,1,1,0,0,1,0,0,0,0,0,0,5,0,0,0,0,0,1,0,1,0,0,0,6,1,2,1,0,0,8,1,1,0,4,0,0,0,0,0,3,0,3,0,0,0,0,0,0,2,1,0,0,0,0,0,1,0,1,1,0,0,0,0,1,0,0,7,1,0,0,2,0,0,0,0,0,0,0,0,1,1,0,1,1,0,7,0,0,0,0,0,0,0,0,0,0,0,2,0,0,0,1,0,53,0,6,12,1,0,0,0,0,0,0,2,0,0,19,3,2,1,3,3,0,1,0,0,0,0,1,4,0,0,0,0,0,0,0,0,4,8,0,0,0,0,1,0,0,1,0,1,174,0,0,0,0,27,0,6,103,0,0,0,0,0,0,1,1,0,0,0,0,0,1,0,4,0,0,1,0,0,5,3,0,0,0,0,0,0,5,0,0,10,0,0,0,0,0,0,0,5,0,0,0,7,0,0,0,0,0,14,1,0,70,0,1,1,2,6,2,0,0,0,6,0,1,0,0,4,0,0,1,0,0,18,0,0,0,0,0,0,0,0,6,0,1,2,13,21,2,0,0,0,1,27,1,1,0,0,15,0,6,19,0,0,7,0,0,2,5,0,0,11,0,0,0,0,4,0,0,0,0,0,0,3,2,3,0,0,1,0,1,0,0,1,0,0,0,0,3,0,0,0,1,0,1,0,1,0,0,0,0,0,0,0,0,0,0,0,2,9,0,0,0,0,0,0,0,0,0,3,0,0,0,0,0,1,0,6,0,0,0,0,0
0,0,0,0,0,0,0,2,0,1,0,0,0,0,0,1,0,1,0,1,0,0,3,1,1,1,0,0,0,1,3,1,0,0,2,3,0,0,1,1,0,0,0,0,0,1,0,0,2,1,1,0,1,5,1,0,2,3,0,0,3,0,0,1,0,5,0,0,5,0,0,0,0,1,0,0,0,0,0,0,0,0,0,0,0,0,7,0,0,1,0,0,0,0,0,0,0,2,0,0,0,0,1,0,1,0,0,1,0,2,1,0,0,0,3,0,0,0,0,0,0,0,0,0,6,0,0,0,0,1,1,0,0,0,0,0,0,1,0,4,0,6,0,0,1,13,0,2,0,7,11,0,1,8,0,0,0,0,0,0,0,0,0,0,0,2,0,1,0,0,0,1,0,0,0,1,0,0,0,0,2,0,1,0,0,0,0,5,0,1,0,0,0,0,4,0,3,1,1,1,1,0,2,0,0,0,0,0,0,2,0,5,1,0,0,11,0,6,5,0,0,1,0,0,0,2,0,0,2,3,3,0,0,0,0,0,0,2,0,2,1,0,0,2,0,1,0,0,0,1,0,2,3,0,0,0,0,0,0,1,0,0,0,0,0,1,0,3,0,0,0,0,0,1,0,0,0,7,0,0,3,1,0,0,1,1,0,4,0,4,0,0,0,0,0,0,1,3,0,0,0,0,1,0,1,0,2,0,0,0,0,0,0,0,4,0,0,0,0,0,1,0,1,0,0,0,0,0,0,0,1,0,0,1,0,0,0,0,0,0,0,0,1,0,0,2,0,1,0,2,0,10,0,7,6,0,0,0,0,0,0,0,0,1,0,17,1,0,0,2,2,0,0,0,0,0,0,0,0,0,0,0,1,0,0,0,3,0,13,0,1,0,0,1,0,0,5,0,0,82,0,0,0,0,19,0,0,31,0,0,0,0,0,0,0,0,0,1,0,0,0,4,0,1,0,0,0,0,0,2,0,2,0,1,0,3,1,0,1,0,10,0,1,0,2,0,0,0,4,3,0,0,0,0,0,1,1,0,9,0,0,80,0,1,1,2,1,1,0,0,1,1,0,0,0,0,7,0,6,1,0,0,15,0,0,0,0,0,0,0,1,2,0,0,5,6,0,0,0,0,1,1,8,0,0,0,0,3,0,2,4,0,0,8,0,0,0,1,0,0,1,0,0,0,0,2,0,2,0,0,0,0,0,0,2,0,0,0,0,1,0,0,0,0,0,1,0,1,0,2,0,1,2,0,0,2,0,0,0,0,0,0,0,0,0,0,0,4,6,0,0,0,0,0,0,0,0,0,14,0,0,0,0,0,0,0,4,0,0,0,0,0
2,0,0,0,1,0,0,2,0,0,0,0,0,4,0,0,0,0,0,1,0,0,1,1,5,0,0,0,0,6,2,0,0,0,4,3,0,0,0,0,0,0,0,0,0,0,0,0,0,0,0,8,0,1,0,4,4,0,0,0,1,0,0,0,1,3,0,0,18,0,0,0,0,1,0,0,0,0,3,1,1,0,0,1,0,0,5,0,0,0,2,0,0,0,0,0,0,1,0,1,1,0,0,0,2,0,0,0,0,0,2,0,1,0,0,8,0,1,0,0,1,0,0,0,6,0,0,0,0,1,0,0,0,0,1,0,0,1,0,0,0,6,0,0,0,7,0,2,0,4,6,0,1,0,0,0,1,0,0,1,0,0,0,0,0,2,0,0,0,0,0,0,1,0,3,1,0,0,0,0,2,0,0,0,0,0,0,3,0,2,0,0,2,0,6,0,9,2,0,0,0,0,0,0,0,0,0,2,1,0,2,8,0,1,2,9,0,5,11,2,0,1,0,0,0,3,0,1,0,3,2,0,3,0,1,0,0,1,1,0,0,0,0,0,0,1,0,0,0,0,0,0,0,0,0,0,0,2,0,1,0,0,0,0,0,0,0,0,0,1,0,0,3,0,0,0,0,8,0,0,0,2,0,0,0,0,0,0,0,0,0,1,0,0,1,4,0,0,0,0,1,0,1,3,0,0,1,0,0,0,0,0,0,0,6,0,0,0,3,0,0,0,1,0,0,1,0,2,0,0,1,1,2,8,0,0,0,0,0,1,2,0,0,0,1,5,0,0,1,0,0,16,0,2,11,0,3,0,0,0,0,1,3,0,1,29,0,0,0,4,4,0,0,0,0,0,0,0,0,0,0,1,1,0,0,0,1,2,13,0,0,0,1,0,0,0,1,0,1,58,0,0,0,0,7,0,2,35,1,0,0,0,2,0,0,0,0,0,0,0,0,0,0,2,1,0,1,0,0,3,1,0,0,0,0,4,1,0,1,0,2,0,5,0,0,1,0,0,2,0,0,0,0,0,0,0,0,0,2,0,0,37,0,0,3,2,0,2,0,0,0,6,1,1,0,0,0,0,0,0,0,0,10,0,0,0,0,0,0,0,0,0,2,0,3,14,13,1,0,0,0,0,8,0,4,0,1,4,0,0,15,0,0,12,0,0,0,1,0,0,2,4,0,0,0,2,0,0,0,0,0,0,0,0,0,0,0,0,0,0,0,0,0,3,0,0,0,9,0,0,1,1,0,1,0,0,0,0,0,0,0,0,0,0,0,0,0,0,8,0,0,0,0,3,0,0,0,0,1,0,0,0,0,3,0,0,1,0,0,0,0,0
0,2,0,0,0,0,2,8,0,0,0,0,0,2,0,1,0,1,7,2,0,0,1,0,2,1,0,0,0,0,2,1,0,0,2,2,0,0,1,0,0,0,0,0,0,0,0,0,0,0,0,0,1,2,1,0,2,0,0,2,0,1,0,2,0,3,0,0,10,0,0,0,0,1,0,0,1,3,2,1,0,0,0,1,3,0,4,1,0,0,5,1,0,1,0,0,1,1,0,0,0,0,1,0,3,0,0,1,0,0,0,0,3,1,5,2,0,0,0,0,2,0,1,0,7,0,0,0,0,1,0,0,0,0,0,0,0,1,0,0,0,12,0,0,0,4,0,2,0,3,9,3,0,0,0,0,0,0,0,0,0,0,0,1,0,0,0,0,0,0,0,0,0,0,2,0,0,0,0,0,2,0,1,0,0,0,0,5,0,0,0,0,0,0,3,0,4,3,1,1,0,2,5,0,1,0,1,0,0,0,1,19,0,0,0,12,0,7,8,0,0,1,2,0,0,1,1,0,0,2,0,0,3,0,0,0,0,1,0,2,0,0,0,1,0,1,0,0,1,0,0,0,0,0,0,0,0,0,0,0,0,0,0,0,0,2,0,0,0,0,0,0,0,0,0,0,0,5,1,1,0,6,0,2,1,0,0,1,0,0,0,0,0,1,0,2,0,0,0,0,0,0,0,0,0,0,0,0,0,1,0,0,0,0,3,0,0,1,0,0,2,0,1,0,0,0,0,0,0,0,2,0,0,9,0,0,0,0,0,0,0,0,1,0,1,1,0,0,1,0,0,17,0,7,11,3,0,0,0,0,0,0,1,0,0,19,0,0,0,2,2,0,1,0,0,0,0,1,1,0,0,0,1,0,0,0,1,5,17,0,0,1,0,0,0,0,4,0,0,70,0,0,0,0,32,0,8,29,0,0,0,0,0,0,0,0,0,0,0,0,1,0,0,2,0,0,1,0,0,2,1,0,0,0,0,1,3,0,0,0,3,0,0,1,0,0,0,0,5,1,0,0,0,1,0,0,0,1,3,0,0,78,1,0,3,2,8,1,1,0,0,1,0,11,0,0,5,0,2,0,0,0,21,0,0,0,0,0,0,0,0,3,0,0,9,8,9,0,0,0,0,0,24,0,4,0,0,4,2,0,6,0,0,6,0,0,0,3,0,1,0,0,0,0,0,4,0,0,0,0,0,0,0,0,0,0,0,0,0,0,0,0,0,1,3,0,0,2,0,0,0,2,2,0,0,1,0,0,0,0,0,0,0,0,0,0,0,6,12,0,0,0,0,0,0,0,0,0,1,0,0,0,0,0,0,0,1,0,0,0,0,0
0,0,0,0,0,0,0,2,0,0,0,0,5,3,5,0,0,0,0,0,0,0,3,8,2,0,1,2,0,0,2,1,0,0,4,4,0,0,1,0,0,0,0,0,8,0,0,0,0,0,0,0,1,2,0,0,7,1,0,1,0,1,0,0,0,20,3,0,2,0,0,0,0,0,0,0,0,0,5,0,0,1,0,0,0,0,4,0,0,0,0,0,0,0,0,0,0,0,0,0,0,0,4,1,1,0,2,0,0,0,0,0,1,0,1,2,0,4,0,1,0,1,0,0,7,0,0,0,0,0,0,0,0,0,0,1,1,2,0,4,0,2,0,1,0,0,0,3,0,3,11,7,0,0,0,0,2,0,0,0,1,0,0,0,0,0,0,0,0,1,0,0,0,1,31,0,2,0,0,0,1,0,1,0,0,0,0,4,0,0,0,1,1,0,8,1,1,2,0,5,4,0,0,6,0,0,1,1,1,1,2,1,5,0,0,26,0,7,19,2,0,3,0,0,0,1,1,0,1,5,4,0,5,0,0,0,0,2,0,0,0,0,0,0,0,0,0,0,0,0,0,0,0,0,0,0,0,0,0,10,0,0,0,0,0,8,0,5,0,3,0,0,0,0,0,0,0,13,0,2,0,0,0,0,0,1,0,0,0,0,0,0,0,0,0,0,0,1,0,0,0,0,1,0,0,0,0,0,0,1,0,0,0,0,7,0,0,0,0,0,0,2,0,0,0,0,0,1,0,0,0,0,0,6,1,0,0,0,0,0,2,0,1,0,1,3,0,0,0,2,0,8,0,3,20,0,2,0,0,0,0,0,0,1,0,8,0,1,0,0,0,0,0,0,0,0,0,2,1,0,0,0,0,0,0,0,0,1,7,0,0,4,0,0,0,0,3,0,0,40,0,0,0,0,12,0,0,63,0,0,0,0,0,0,0,0,0,0,0,0,0,0,0,1,1,0,1,0,0,5,0,0,0,1,0,5,0,0,0,0,0,0,0,0,0,0,0,0,8,4,0,0,2,0,0,1,0,0,0,0,0,0,0,2,1,6,1,1,0,0,0,32,0,0,0,0,7,0,4,1,0,0,11,0,0,0,0,0,0,0,0,6,0,0,0,8,14,0,2,0,0,10,6,0,2,0,0,2,1,0,16,0,0,11,0,0,0,7,0,3,0,0,0,0,0,3,0,1,0,0,0,0,1,0,1,0,0,0,0,1,0,0,1,3,0,0,2,1,0,0,0,0,0,0,0,1,0,0,0,0,0,0,0,0,0,0,0,5,16,0,0,0,0,0,0,0,0,0,1,0,2,0,0,0,0,0,2,0,0,0,0,0
0,0,0,0,0,0,0,0,0,0,0,0,0,1,1,0,0,0,0,2,0,0,0,0,0,0,0,0,0,0,0,0,0,0,2,0,0,0,0,0,0,0,0,0,0,0,0,0,0,0,0,0,1,2,1,1,3,0,1,0,0,0,0,0,0,0,0,0,0,0,0,0,0,0,0,0,1,0,0,0,0,1,0,0,0,0,3,0,0,0,0,0,0,0,0,0,0,3,0,2,0,0,0,0,0,0,0,2,0,0,0,0,0,0,1,7,0,1,0,0,0,0,0,0,1,0,0,0,0,0,0,0,0,1,0,0,0,1,0,1,0,1,0,3,0,1,0,1,0,4,2,0,0,0,0,0,0,0,0,0,0,0,0,0,0,0,0,0,0,0,0,0,1,0,1,0,0,0,0,0,0,0,1,0,0,0,0,0,0,0,0,1,0,0,1,0,4,1,0,0,0,0,0,0,0,0,0,0,0,0,0,2,0,0,0,11,0,7,5,0,0,1,0,0,0,0,0,1,0,1,0,0,1,0,0,0,0,1,0,0,0,0,0,0,0,0,0,1,0,0,0,1,0,0,0,0,0,0,0,1,2,0,0,0,0,0,0,0,0,0,0,3,0,0,0,1,0,1,0,0,0,3,0,0,0,1,0,1,0,0,0,0,3,2,0,0,0,0,0,0,0,0,0,0,0,0,0,0,0,0,0,0,0,0,5,0,0,0,3,0,0,0,1,0,0,0,0,0,0,0,0,0,0,11,0,0,0,0,0,0,0,0,0,0,0,3,0,0,0,0,0,5,0,4,14,0,0,0,0,0,0,0,3,1,1,7,0,1,0,2,2,1,0,0,0,0,0,1,0,0,0,0,0,0,0,0,1,2,12,0,0,1,0,0,0,0,1,0,2,24,0,0,0,0,12,0,2,16,1,0,0,0,0,0,0,0,1,0,0,0,0,0,0,0,0,0,0,0,0,0,0,0,0,0,0,4,0,0,1,0,0,1,3,0,0,0,0,0,1,0,1,0,0,0,0,0,0,0,1,0,1,1,0,0,1,1,0,0,0,0,0,3,0,0,0,0,2,0,0,0,0,0,7,0,0,0,0,0,0,0,0,0,0,0,1,4,6,1,0,0,0,0,9,0,0,0,0,1,0,0,1,0,0,0,0,0,0,0,0,0,1,0,0,0,0,1,0,0,0,0,0,0,1,0,0,0,0,0,0,0,0,0,0,0,3,0,0,5,0,0,0,0,0,2,0,0,0,0,0,0,0,0,0,0,0,0,0,0,8,0,0,0,0,4,0,0,0,0,4,0,0,0,0,0,0,0,0,0,1,0,0,0
0,0,0,0,0,0,0,6,0,2,0,0,6,2,1,7,0,4,0,0,0,0,0,0,1,0,0,0,0,0,1,2,0,0,1,3,0,0,0,0,0,0,0,0,2,0,0,0,0,0,1,2,0,2,0,2,12,0,1,0,0,6,0,0,1,8,0,0,1,0,2,1,0,0,0,0,2,0,4,1,0,1,0,1,0,1,3,0,0,0,1,0,0,0,0,0,1,0,0,0,0,0,0,0,12,0,0,0,0,0,0,0,0,0,1,10,0,0,1,1,0,0,1,0,15,0,0,0,0,0,0,0,1,0,3,0,0,0,0,1,0,9,0,0,1,5,0,1,0,7,11,0,0,0,2,0,1,0,0,1,0,1,0,1,0,0,0,1,0,5,0,0,0,0,0,1,0,0,0,0,17,0,2,0,0,0,0,11,0,1,1,10,0,1,0,1,2,2,0,0,0,0,0,11,0,0,0,2,0,0,6,1,1,0,1,20,0,7,45,0,1,0,2,0,0,2,0,0,2,0,0,0,1,1,1,0,0,1,0,1,0,0,0,1,0,11,2,3,0,0,0,2,0,1,0,0,0,0,0,0,0,0,0,0,1,1,0,0,0,2,0,2,2,0,1,0,2,6,2,0,0,2,0,0,0,0,0,3,0,0,0,1,0,1,0,1,0,1,0,0,0,0,0,2,0,0,0,0,0,2,0,0,0,0,8,0,1,0,0,0,0,0,4,1,1,0,0,3,0,0,0,0,0,27,0,1,0,0,0,0,0,0,1,0,0,1,0,0,0,0,0,11,0,2,2,5,0,3,0,0,0,0,5,3,0,14,1,0,1,4,4,0,0,0,3,1,0,2,1,0,0,0,2,0,0,0,0,6,21,0,0,0,0,0,0,0,9,1,0,98,0,0,0,0,41,0,1,50,0,0,0,0,2,0,0,0,0,0,0,0,0,0,0,2,0,0,1,0,0,7,0,0,0,5,0,4,0,5,2,0,2,2,0,0,1,1,0,0,1,0,0,0,1,0,0,0,0,0,3,1,0,44,0,1,7,4,3,2,0,1,0,4,0,2,0,0,1,0,0,2,0,0,7,0,0,0,0,0,0,0,0,8,0,1,0,1,0,5,0,1,0,0,31,0,0,0,0,10,1,0,6,0,0,10,1,0,0,0,0,0,2,1,0,0,0,3,0,0,0,1,0,0,1,0,4,0,0,0,0,0,0,1,0,2,0,0,0,11,0,0,0,0,10,0,1,0,0,0,0,0,0,0,0,0,0,0,1,2,4,0,0,0,0,0,0,0,0,0,8,0,0,0,0,0,0,0,2,0,0,0,0,0
0,0,0,0,0,0,2,4,0,0,0,0,0,0,1,3,0,1,1,1,0,0,3,1,1,0,0,3,0,0,0,0,0,0,0,0,0,0,1,0,0,0,1,0,6,0,0,0,0,0,1,0,0,0,0,0,5,0,0,0,0,0,0,0,0,8,0,0,1,0,0,0,0,2,0,0,2,0,0,0,0,0,0,0,1,0,1,0,0,0,0,0,0,0,0,0,0,0,0,0,0,0,0,0,2,0,0,3,0,0,2,0,0,1,1,3,0,1,1,5,0,4,0,0,10,0,0,0,0,0,0,0,0,0,2,0,0,1,0,0,0,3,0,0,0,4,0,1,0,2,7,0,0,0,0,0,1,0,0,0,0,0,0,0,0,0,0,0,0,0,0,0,0,0,10,0,0,0,0,7,6,0,4,0,0,0,0,1,0,0,0,9,1,0,0,0,2,0,1,0,0,0,0,0,1,0,1,0,0,0,0,0,1,0,1,6,0,1,10,0,0,1,0,0,0,0,0,1,1,1,0,0,0,0,1,2,0,1,1,0,0,0,0,0,0,0,1,3,1,0,1,0,0,0,0,0,0,0,0,2,1,0,0,0,0,1,0,0,0,1,0,0,1,0,0,0,0,2,3,0,1,1,0,0,0,0,0,0,0,1,1,0,0,0,0,0,0,0,0,0,0,0,0,1,0,0,0,0,0,0,0,0,0,0,0,0,0,0,1,0,0,0,0,0,0,0,0,0,0,0,0,0,0,64,0,0,0,0,0,0,0,0,1,0,0,1,0,0,2,0,0,3,0,6,1,1,0,0,0,0,0,0,1,0,1,7,0,0,1,1,1,1,0,0,1,0,0,0,4,0,0,0,1,0,0,0,1,2,16,0,0,0,0,0,0,0,0,0,1,28,0,0,0,0,31,0,1,39,1,0,0,0,6,0,0,0,0,0,0,0,0,0,0,2,1,0,3,0,0,2,3,0,0,1,0,3,0,1,0,0,4,0,0,0,1,0,0,0,2,0,0,0,1,0,0,0,0,0,2,0,0,63,0,0,5,2,0,0,0,0,0,2,0,0,0,0,7,0,0,0,0,0,9,0,0,0,0,0,0,0,0,2,0,0,3,6,9,2,0,0,0,0,15,0,0,0,0,2,0,1,3,0,0,0,1,0,0,1,0,1,1,0,0,0,0,2,0,0,0,0,0,0,0,0,1,0,0,0,0,0,1,3,0,0,0,0,0,4,0,0,0,0,0,0,0,0,0,0,0,0,0,0,0,0,0,0,0,2,4,0,0,0,0,0,0,0,0,0,3,0,0,0,0,0,0,0,0,0,0,0,0,0
4,0,0,0,0,0,0,0,0,2,0,0,2,0,0,1,0,1,0,4,1,0,1,0,1,0,0,0,0,6,3,3,0,0,2,3,1,0,1,0,0,0,0,0,1,1,0,0,2,0,0,0,1,0,0,1,3,1,0,0,0,1,1,1,0,8,0,0,7,1,0,0,0,0,0,0,5,0,2,0,0,0,0,2,0,0,5,0,1,0,1,0,0,0,0,0,0,3,0,0,0,0,0,0,2,0,0,3,0,0,0,0,0,2,11,2,0,2,0,1,0,1,3,0,5,0,1,0,0,0,0,0,0,0,0,0,0,2,2,1,0,5,0,0,0,7,0,8,1,4,13,0,0,3,0,0,1,0,0,0,2,0,0,0,0,0,0,0,0,0,0,0,2,1,3,2,0,0,0,0,1,0,0,0,0,2,1,4,1,2,0,3,1,0,4,0,4,5,2,0,0,0,0,1,4,0,1,0,0,0,2,8,0,0,0,8,0,7,8,2,0,1,3,0,0,0,2,0,4,4,1,0,3,0,0,0,0,1,0,1,0,0,0,0,1,1,0,0,1,0,0,0,1,0,0,0,0,0,0,2,0,0,0,0,0,1,0,1,0,1,0,2,0,1,0,0,0,2,2,1,0,0,0,1,2,0,0,2,0,0,0,0,0,1,0,1,0,0,0,0,0,0,0,0,0,0,1,0,0,0,0,0,0,0,2,0,0,1,1,0,3,0,4,0,2,0,0,2,0,0,2,0,0,8,0,0,0,0,0,0,0,0,0,0,1,3,0,0,0,0,0,16,0,4,25,2,0,0,1,0,0,1,6,0,0,11,0,2,1,0,0,0,1,0,0,0,0,2,2,0,0,0,0,0,0,0,0,3,22,0,0,3,0,0,0,0,1,0,3,37,0,0,0,0,24,0,4,94,1,0,0,0,0,0,0,0,0,1,0,0,0,0,0,3,0,0,2,0,0,7,0,0,0,1,2,1,0,0,0,0,4,0,0,1,0,0,0,0,3,3,1,0,0,0,0,0,1,0,5,0,0,53,0,0,3,2,0,6,0,0,0,4,0,0,0,0,0,0,11,5,0,0,9,0,0,0,1,0,0,0,0,2,1,0,1,23,13,2,0,0,0,1,5,0,0,0,1,9,0,0,13,2,0,4,0,0,0,2,0,0,7,1,0,0,0,2,0,0,0,0,1,0,0,0,3,0,1,0,0,0,0,0,0,1,1,0,0,9,0,0,1,0,0,6,0,3,0,0,0,0,0,0,0,0,0,0,0,4,12,1,0,1,0,0,0,0,0,1,2,0,0,0,0,0,0,0,0,0,0,0,0,0
0,0,0,0,0,0,0,0,0,2,1,0,0,0,0,2,0,1,0,0,5,0,0,0,1,0,0,0,0,0,3,0,0,0,2,3,0,0,0,0,0,1,0,0,3,0,0,0,2,0,0,3,0,1,0,2,1,1,0,0,0,0,0,0,1,4,0,0,1,0,0,0,0,14,0,0,2,0,5,0,2,0,0,2,0,0,5,0,0,0,0,0,0,0,0,0,0,0,0,0,1,0,0,0,1,0,0,0,0,0,0,0,0,2,10,4,0,0,0,1,0,0,2,0,0,0,0,0,0,0,0,0,0,0,2,0,0,93,0,0,0,11,1,0,0,4,0,1,0,6,4,4,0,0,0,0,2,0,0,0,0,1,2,0,0,1,0,0,0,0,0,0,1,0,6,2,0,0,0,0,1,1,2,0,0,0,0,13,0,1,0,1,0,0,2,0,6,2,1,0,0,0,0,0,2,0,0,1,1,0,0,8,2,0,0,13,0,4,4,1,0,0,0,0,0,1,0,0,0,1,0,0,2,0,0,0,0,1,1,1,0,0,0,0,0,0,0,1,0,0,5,0,1,2,0,0,0,0,0,1,0,0,0,0,0,4,0,0,0,0,1,1,2,0,0,0,1,2,1,0,0,10,0,0,0,0,0,4,0,0,0,0,0,1,1,1,1,1,0,0,0,0,0,0,0,0,6,0,0,1,0,0,0,0,0,0,0,0,2,0,1,0,3,0,0,0,0,0,1,0,0,0,0,7,1,0,0,0,0,0,0,0,1,0,1,1,0,0,1,0,0,5,0,5,13,4,0,0,0,1,0,0,0,0,0,21,0,2,0,4,4,0,0,0,0,0,0,1,0,0,0,0,0,0,0,0,0,4,13,0,0,1,0,0,0,0,1,0,1,23,0,0,0,0,18,0,6,43,0,0,0,0,2,0,0,0,1,0,0,1,6,0,0,2,0,0,2,0,0,3,0,0,1,0,0,2,0,0,2,0,2,0,1,0,0,0,0,0,1,1,0,0,0,1,0,5,0,0,7,1,7,53,0,0,1,1,0,3,2,1,0,4,0,0,0,0,0,0,4,0,0,0,14,0,0,0,0,0,0,0,0,0,0,0,2,6,1,1,0,0,0,0,4,0,0,0,5,9,1,0,11,2,0,1,0,0,0,1,0,1,0,0,1,0,0,1,0,0,0,0,0,0,0,6,2,0,0,0,0,0,0,1,0,0,0,0,1,8,0,0,2,1,0,3,0,1,0,0,0,0,0,0,0,0,0,0,0,3,4,0,0,0,0,0,0,0,0,0,1,0,0,0,0,0,0,0,0,0,0,0,0,0
0,0,0,0,0,0,2,8,0,0,1,0,0,0,2,1,0,0,0,0,0,2,0,0,1,1,0,4,0,5,0,0,0,0,4,4,0,0,0,0,0,0,0,0,0,0,0,0,0,0,0,0,1,3,0,1,0,0,1,1,0,0,0,0,0,2,1,0,0,0,0,0,0,2,1,0,1,0,1,0,0,0,0,0,0,0,3,0,0,0,2,0,0,1,0,0,0,0,0,0,0,0,2,0,2,0,0,1,0,0,0,0,1,3,1,3,0,1,0,0,0,0,0,1,1,0,0,0,0,0,0,0,0,0,0,0,0,2,0,1,0,9,0,0,0,2,0,1,0,4,10,1,0,0,0,0,1,0,0,0,0,1,0,0,0,0,0,0,0,0,0,0,0,0,1,3,0,0,0,0,4,1,0,1,0,0,0,8,1,2,0,0,1,0,2,0,0,1,0,0,0,0,0,0,0,0,0,1,0,0,0,6,0,0,0,7,0,2,13,0,0,0,1,0,0,2,0,0,1,3,2,0,1,0,0,0,0,1,0,4,0,0,0,0,0,0,0,0,0,0,0,0,0,0,1,0,0,0,0,1,1,0,0,0,0,0,0,0,0,1,0,0,0,1,0,0,0,7,0,0,0,2,0,0,0,0,0,2,0,0,0,0,0,0,0,0,1,1,0,0,0,0,0,0,0,0,0,1,0,1,0,0,0,0,4,0,0,0,0,0,0,0,1,0,0,0,0,2,0,0,0,0,0,8,0,0,0,0,0,0,0,0,0,0,0,1,0,0,2,0,0,5,0,5,9,1,0,0,0,0,0,0,0,0,0,6,0,0,2,2,2,0,0,0,0,0,0,0,3,0,0,0,0,0,0,0,0,9,13,0,0,2,0,0,0,0,0,1,0,40,0,0,0,0,29,0,0,27,0,0,0,0,2,0,0,0,0,0,0,0,0,0,0,0,0,0,3,0,0,5,0,0,0,0,0,2,1,2,0,0,2,0,1,4,0,0,0,0,2,1,0,0,0,0,0,0,0,0,3,0,0,37,0,0,0,0,0,7,1,0,0,5,0,3,0,0,0,0,1,0,0,0,17,0,0,0,0,0,0,0,0,3,0,0,1,2,7,3,0,0,0,0,13,0,0,1,0,3,1,2,21,0,0,2,0,0,0,0,0,0,3,0,0,0,0,2,0,0,0,0,0,0,0,0,0,0,0,0,0,0,0,1,0,2,0,0,0,4,1,0,0,0,0,3,0,2,0,0,0,0,0,0,0,0,0,0,1,1,2,0,0,0,0,1,0,0,0,0,7,0,0,0,0,0,0,0,3,0,0,0,0,0
0,0,0,0,0,0,0,1,0,4,0,0,0,0,0,2,1,1,1,1,0,0,0,0,0,1,0,0,0,0,0,1,0,0,2,1,0,0,0,0,0,0,0,0,0,0,0,0,0,0,1,0,1,1,0,0,0,8,0,1,0,0,0,0,0,1,0,0,1,0,0,0,0,0,0,0,1,0,0,0,0,1,0,1,0,0,1,0,0,0,0,0,0,0,0,0,1,0,0,0,0,0,2,1,0,0,0,0,0,1,0,0,1,1,0,1,0,1,0,0,0,0,0,2,7,0,0,0,0,0,0,0,0,0,0,1,0,1,0,0,0,11,0,3,0,1,0,0,0,3,3,1,1,0,0,0,0,0,0,0,0,0,0,0,0,0,0,0,0,1,0,0,0,0,4,0,0,0,0,0,2,0,0,0,0,0,0,1,0,1,0,0,1,0,1,0,2,1,0,0,0,0,0,0,1,0,0,0,0,0,0,6,0,0,1,9,0,0,10,1,0,1,0,0,0,2,0,0,1,1,0,0,0,0,0,0,0,3,0,0,0,0,0,0,0,0,0,0,0,0,0,0,0,0,0,0,0,0,0,1,0,0,0,1,1,2,0,1,0,0,0,0,2,0,0,0,0,5,1,0,0,1,0,0,0,0,0,3,0,0,0,0,0,0,0,0,0,0,0,0,0,0,0,0,0,0,0,0,0,0,0,1,0,0,0,0,0,0,0,0,0,0,0,0,0,0,0,0,0,0,5,10,0,8,0,0,0,0,0,0,0,0,0,0,0,2,0,0,0,0,0,4,0,2,2,1,0,1,0,0,0,2,0,0,0,6,1,0,0,1,1,0,0,0,0,0,0,0,0,0,0,0,0,0,0,0,1,0,12,0,0,3,1,0,0,0,3,0,0,41,0,1,0,0,17,0,0,16,0,1,0,0,1,0,0,0,0,0,0,0,0,0,0,2,0,0,1,0,0,1,0,0,1,0,0,1,0,2,1,1,2,0,0,0,0,0,0,0,2,1,1,0,0,4,0,0,0,0,1,0,0,23,0,0,0,0,0,1,3,0,0,2,0,1,0,0,1,0,0,0,0,0,32,0,0,0,0,0,0,0,0,1,0,0,1,10,4,1,0,0,0,0,12,0,0,0,0,4,0,2,4,0,0,2,0,0,0,1,0,0,1,0,1,0,0,1,0,0,0,0,0,0,0,0,0,0,0,0,0,0,0,0,0,0,0,0,0,1,0,1,0,0,0,3,0,0,0,0,0,0,0,0,0,0,0,0,2,8,0,0,0,0,0,0,0,0,0,0,0,0,0,0,0,0,0,0,0,0,0,0,0,0
0,5,0,0,0,0,0,3,0,1,1,0,0,1,1,3,0,0,0,0,1,2,7,3,2,0,0,1,0,0,1,0,0,0,3,1,0,2,0,0,0,0,0,0,0,0,0,0,0,0,0,1,1,0,0,3,3,0,1,0,0,0,0,0,0,3,2,0,2,0,0,0,0,3,0,0,0,0,2,0,0,0,0,0,0,1,3,0,0,0,0,1,0,0,0,0,0,0,0,0,0,0,0,0,0,0,0,0,0,0,0,0,5,2,4,6,0,0,0,0,0,0,0,0,1,0,0,1,0,0,1,0,1,0,0,0,0,12,0,4,0,12,0,0,0,2,0,1,0,3,9,0,0,8,0,0,0,0,0,0,0,0,0,0,0,0,0,0,1,0,0,1,2,0,2,2,0,0,0,0,5,0,1,0,0,0,0,11,0,0,0,2,0,1,1,0,1,1,0,0,1,0,2,3,0,0,1,1,0,0,1,7,1,0,0,7,0,1,8,0,0,0,1,0,0,0,1,0,0,0,0,1,1,0,0,0,0,1,0,0,0,0,0,0,0,1,0,0,0,0,0,0,0,0,1,0,0,0,0,1,0,0,0,0,0,12,0,0,0,0,0,4,1,0,0,0,0,2,0,0,0,0,0,0,0,0,0,1,0,0,8,0,0,0,0,1,1,0,0,0,0,0,0,0,0,0,0,1,0,0,0,0,0,0,1,0,0,0,1,0,0,2,1,0,1,0,0,2,0,0,1,7,0,0,0,0,0,0,0,0,0,0,0,0,0,3,0,0,0,0,0,4,0,10,17,0,0,1,0,0,0,0,0,0,0,7,0,1,1,1,1,0,0,0,0,0,0,0,0,0,0,0,0,0,0,0,2,1,11,0,0,1,0,0,0,0,3,0,1,82,0,0,0,0,23,0,3,41,2,0,0,0,3,0,0,0,0,0,0,0,0,0,0,1,2,0,0,0,0,2,0,0,0,0,0,3,1,1,1,0,3,2,1,0,0,0,0,0,6,1,0,0,0,2,0,1,0,0,4,0,0,44,0,0,3,3,1,2,4,4,0,1,0,0,0,0,1,0,0,1,0,0,17,0,0,0,1,0,0,0,0,0,0,0,2,8,9,0,0,0,0,0,18,0,0,0,1,7,0,0,11,2,0,0,0,0,0,2,0,0,1,0,0,0,0,2,0,2,0,0,0,1,1,1,0,2,0,0,0,1,0,2,0,1,0,0,0,7,1,0,0,0,0,2,0,0,0,0,0,0,0,4,0,0,0,0,0,0,3,0,0,0,0,1,0,0,0,0,4,0,0,0,0,1,0,0,0,0,0,0,0,0
0,16,0,0,1,0,0,1,0,0,0,2,0,1,0,2,0,0,0,0,0,0,1,0,0,1,0,1,0,0,4,0,0,0,4,1,0,5,0,0,0,0,0,0,0,0,0,0,0,0,0,0,2,0,0,0,1,0,0,1,0,0,1,0,0,1,0,0,0,0,0,0,0,2,0,0,0,0,0,0,0,0,0,0,0,0,0,0,0,1,1,0,0,0,0,0,1,1,0,0,0,0,0,0,1,0,1,1,0,0,2,0,2,0,1,0,0,0,0,0,0,0,0,0,1,0,0,1,0,0,0,0,0,0,0,1,0,1,0,0,0,5,0,0,1,3,0,1,0,12,6,0,0,0,0,0,0,1,0,0,1,0,0,0,0,2,0,0,0,1,0,0,0,0,0,0,0,0,0,0,0,0,0,0,0,0,0,5,0,0,0,1,0,0,11,0,0,2,0,0,1,2,0,1,2,0,0,0,0,1,0,0,0,0,0,4,0,0,9,0,0,6,0,0,0,0,0,0,1,1,0,0,1,0,0,0,0,2,0,0,0,0,0,0,0,0,0,0,0,0,0,0,0,0,0,0,0,0,0,0,0,0,0,0,0,0,0,0,0,0,0,0,0,0,0,0,0,0,0,0,0,0,0,0,0,0,0,0,0,4,0,0,0,0,1,0,0,0,0,0,0,0,1,0,1,0,1,1,0,0,0,2,0,8,2,0,0,0,1,2,0,0,1,0,0,0,0,0,0,0,0,2,0,20,0,0,0,0,0,0,0,0,0,0,0,2,1,0,1,2,2,4,0,2,8,1,1,0,0,0,0,1,3,0,0,2,0,0,0,1,1,0,0,0,0,0,0,0,0,0,0,0,0,0,0,0,0,8,7,0,0,0,0,0,0,0,0,0,0,60,0,0,0,1,1,0,3,20,0,0,0,0,1,0,0,0,0,0,0,0,0,0,0,0,0,0,0,0,0,2,0,0,1,0,0,0,0,1,8,0,1,0,0,0,0,0,0,0,4,0,0,0,0,0,0,4,0,0,0,0,0,0,0,0,1,0,1,0,3,0,0,1,1686,0,0,0,0,0,0,1,0,0,1,0,0,0,0,0,0,0,0,3,0,0,10,9,19,0,0,0,0,0,1,0,0,0,2,0,0,1,17,0,0,304,0,0,0,2,0,0,5,0,0,0,0,2,0,0,0,0,0,0,1,1,0,0,0,0,0,0,0,3,2,1,0,0,0,10,0,0,1,1,0,0,0,0,0,0,0,0,0,0,0,0,0,0,0,0,0,0,0,0,0,0,0,0,0,0,0,0,0,0,0,0,0,0,0,0,0,0,0,0
0,0,0,0,0,0,0,0,0,0,0,2,0,1,0,1,0,2,0,0,0,0,4,5,1,0,0,1,0,0,0,0,0,0,3,1,0,0,0,0,0,0,0,0,0,0,0,0,0,0,1,0,0,0,0,0,1,0,0,0,0,2,0,0,0,3,0,0,0,0,0,0,0,0,0,0,1,0,4,0,0,0,0,1,0,0,4,0,0,0,1,0,0,0,0,1,1,1,0,0,0,0,0,0,2,5,1,0,0,0,0,1,3,0,2,1,0,0,1,0,0,0,0,0,9,0,0,2,0,0,0,0,0,0,0,0,0,0,0,0,0,4,0,1,0,1,0,0,0,2,7,0,0,0,0,0,0,0,0,0,7,0,1,0,0,2,0,1,0,0,0,0,0,0,2,1,0,0,0,0,3,0,2,0,0,1,0,2,1,1,0,0,1,0,1,2,4,4,1,0,0,0,0,1,0,0,0,1,1,0,0,0,3,0,0,9,0,2,7,2,0,0,1,0,0,0,0,0,0,0,0,0,0,0,0,0,0,0,0,1,0,0,0,0,0,0,0,0,0,0,0,0,0,0,0,0,0,0,0,3,0,0,0,0,0,3,0,0,0,0,0,1,7,0,0,0,1,3,0,0,0,6,0,2,0,0,0,1,0,1,0,2,0,0,0,0,0,0,0,0,1,0,0,0,0,0,0,0,0,0,0,1,0,0,1,0,0,0,2,0,0,0,0,0,1,0,0,1,0,0,0,11,0,2,0,0,0,0,0,0,0,0,1,0,0,0,0,0,0,0,0,10,0,0,14,0,0,0,0,0,0,0,0,0,0,8,0,0,0,0,0,0,0,0,0,0,0,0,1,0,0,0,0,0,0,0,0,4,1,0,0,0,0,0,0,0,1,0,0,32,0,0,0,0,1,0,0,49,0,0,0,0,1,0,2,2,0,0,0,0,0,0,0,1,0,0,3,0,0,0,0,0,2,0,0,1,0,0,1,0,0,0,1,0,0,0,0,0,12,0,0,0,0,0,0,0,0,0,7,2,0,1,0,0,1,1,1,3,0,0,0,7,0,0,0,0,5,0,1,0,0,0,0,0,0,0,0,0,0,0,0,0,0,0,0,6,1,0,0,0,0,0,11,0,2,0,3,1,2,0,22,0,0,0,2,0,1,3,0,0,0,0,0,0,0,0,0,0,0,0,0,0,0,0,0,0,0,0,0,0,0,1,0,0,0,0,0,1,3,0,0,1,0,0,3,0,0,0,0,0,0,0,0,0,0,0,1,1,0,0,0,0,0,0,0,0,0,0,4,0,0,0,0,0,0,0,3,0,0,0,0,0
1,0,0,0,0,0,0,2,0,0,0,0,0,0,0,1,1,0,0,0,0,0,8,2,1,0,0,2,0,5,2,0,4,0,2,1,1,0,0,0,0,0,0,0,0,1,0,0,0,0,0,0,0,4,0,1,2,0,1,0,0,0,0,0,0,4,0,0,1,0,0,0,0,3,2,0,2,0,0,3,0,0,0,0,0,0,2,0,1,0,0,0,0,0,0,0,1,2,0,0,0,1,0,0,0,0,1,2,0,0,0,0,0,3,2,2,0,0,0,0,1,0,0,0,3,0,0,1,0,0,0,2,0,0,0,0,0,7,1,0,0,10,0,0,0,4,0,0,0,1,18,1,0,0,0,0,0,1,0,0,0,0,0,0,0,0,0,0,0,0,0,0,12,0,2,2,0,0,0,1,1,0,1,0,0,0,0,6,0,0,0,2,0,0,5,0,11,15,1,0,0,2,1,4,0,0,1,2,0,0,1,15,0,0,0,10,0,5,5,0,0,4,1,0,0,0,0,0,0,1,1,0,0,0,0,0,0,1,0,0,0,0,0,1,1,0,0,0,0,0,0,1,0,1,0,0,0,0,0,1,0,0,0,0,0,4,0,0,0,1,0,0,0,0,0,0,0,6,2,0,0,2,0,5,0,0,0,3,0,0,0,0,0,0,0,0,1,0,0,0,0,0,0,1,0,0,0,0,5,1,0,0,0,0,1,0,0,0,2,0,0,0,1,0,0,0,0,1,0,0,0,0,0,16,0,0,0,0,0,0,0,0,0,0,1,3,0,0,1,1,0,6,0,6,23,0,0,0,0,0,0,0,0,0,0,20,0,1,0,0,0,0,0,0,0,0,1,2,0,0,0,0,1,0,0,0,3,2,12,0,0,0,0,0,0,0,3,0,0,24,0,0,0,0,12,0,3,41,4,0,1,0,0,0,0,0,1,0,0,0,0,0,0,0,0,1,1,0,1,2,0,0,1,0,0,4,0,0,4,0,2,0,2,0,0,0,1,0,6,0,0,0,0,0,0,0,4,0,5,1,1,0,0,0,0,0,0,2,2,2,0,1,0,2,0,5,2,0,2,1,0,0,10,0,0,0,1,1,0,0,0,0,0,1,0,12,13,0,0,0,0,0,6,0,0,0,2,4,0,0,17,0,0,0,0,0,1,1,0,0,1,0,0,0,0,2,0,0,0,0,0,0,0,0,0,0,0,0,1,0,0,5,0,1,0,0,0,4,0,0,0,0,1,2,0,0,0,0,0,0,0,0,0,0,0,0,0,2,4,1,0,0,0,6,0,0,0,0,1,0,0,0,0,0,0,0,4,0,1,0,0,0
0,0,0,0,0,0,0,2,0,0,1,0,0,0,0,5,1,1,0,1,0,0,1,1,0,2,0,1,0,0,2,0,0,0,0,0,0,0,0,0,0,2,0,0,1,0,0,0,0,0,1,1,1,0,1,0,0,0,0,0,0,0,0,0,0,2,0,0,0,0,1,0,0,1,0,0,1,0,0,0,0,0,4,0,0,0,2,0,0,0,0,0,0,0,0,0,1,0,0,0,0,0,0,0,0,0,0,0,0,0,1,0,0,0,0,0,0,0,1,1,0,0,0,0,4,0,0,0,0,0,0,0,0,0,3,0,0,0,1,0,0,17,0,0,0,4,0,0,0,9,0,0,0,0,0,0,0,0,0,0,0,1,1,1,0,0,0,0,0,2,0,0,1,0,0,1,0,0,0,0,3,0,0,0,0,0,0,5,0,10,0,9,0,0,0,0,0,0,0,0,1,0,0,0,0,0,1,2,0,0,0,0,0,0,0,6,0,1,15,3,0,1,0,0,0,2,0,0,0,0,0,0,0,0,0,0,0,2,0,2,0,0,0,0,0,0,0,1,2,1,0,4,0,0,0,0,0,0,0,0,0,0,0,0,0,1,0,0,0,0,0,1,0,0,0,0,0,2,0,0,2,1,0,1,0,0,0,3,0,0,0,0,0,0,0,0,1,0,0,0,0,0,0,0,0,0,0,0,0,0,0,0,0,0,2,0,0,0,0,0,0,1,0,0,0,0,0,1,0,0,0,0,0,9,0,0,0,0,0,0,12,0,0,0,0,2,0,0,0,0,0,0,0,2,1,0,0,0,0,0,0,0,0,0,0,1,0,0,3,0,0,0,0,0,0,1,0,1,1,0,55,0,0,0,0,0,1,0,24,0,0,1,1,0,0,0,0,1,0,46,0,0,0,0,11,0,0,12,1,1,0,0,1,0,0,0,0,0,0,0,0,0,0,0,0,0,0,0,0,2,0,0,2,0,0,4,0,2,0,0,0,0,2,0,0,0,1,0,7,1,0,0,0,0,0,1,0,0,2,0,0,0,0,0,1,2,0,2,0,0,0,2,0,0,0,0,9,0,0,1,0,0,6,0,0,0,1,0,0,0,0,4,0,0,1,1,23,0,0,0,0,0,27,0,0,0,0,2,0,0,0,0,0,58,0,0,0,0,0,0,2,0,0,0,0,2,0,0,0,0,0,0,0,0,0,0,0,1,0,0,0,0,0,1,0,0,0,4,1,0,0,0,0,5,0,1,0,0,0,0,0,0,0,0,0,0,19,0,3,1,0,0,0,0,0,0,0,0,3,0,0,0,0,0,0,0,0,0,0,0,0,0
0,0,0,0,0,0,0,0,0,1,1,0,0,1,1,1,0,2,1,0,0,0,2,1,1,0,0,1,0,2,0,0,0,0,1,0,0,0,0,0,0,0,0,0,1,0,1,0,0,0,1,0,0,0,0,0,0,0,0,0,0,0,0,0,0,5,0,0,2,0,0,0,0,0,0,0,0,0,0,1,0,0,0,0,0,0,1,0,0,0,0,0,0,0,0,0,0,0,0,0,0,0,1,0,0,0,0,0,0,0,1,0,1,0,0,0,0,0,0,1,0,1,0,0,1,0,0,0,0,0,0,0,0,0,0,0,0,0,0,0,0,6,0,0,0,1,0,0,0,0,5,0,0,0,0,0,0,0,0,0,0,0,0,0,0,0,0,0,0,1,0,0,0,0,0,0,0,0,0,1,5,0,1,0,0,0,0,6,0,0,0,0,0,0,0,0,0,0,0,0,0,0,2,1,0,0,0,0,0,0,0,4,0,0,6,11,0,0,13,0,0,0,0,0,0,0,1,0,4,0,0,0,1,0,0,0,0,0,0,0,0,0,0,2,0,0,0,1,0,0,0,0,0,2,1,0,0,0,0,0,0,0,0,0,0,0,0,0,0,0,0,2,0,0,1,0,0,1,0,0,0,0,0,0,0,0,0,3,0,0,0,0,0,0,0,0,0,3,0,0,0,0,0,1,0,0,0,0,0,0,0,0,0,0,2,0,0,0,0,0,0,3,0,0,0,0,0,1,0,0,4,0,0,13,0,0,0,0,0,0,0,0,0,0,0,0,0,0,0,0,0,0,0,2,2,0,0,0,0,0,0,0,0,0,0,5,0,0,0,0,0,0,0,0,0,0,0,0,0,0,0,0,0,0,3,0,0,4,13,0,0,0,0,0,0,0,1,0,0,18,0,0,1,0,8,0,1,6,0,0,0,0,1,0,0,0,0,2,0,0,0,0,0,0,0,0,2,0,0,2,1,0,1,0,0,0,0,0,0,0,2,0,0,0,0,3,0,0,0,0,0,0,1,0,1,1,0,0,2,0,0,70,0,0,0,0,0,0,0,0,0,3,0,1,0,0,0,0,1,1,0,0,15,0,0,0,0,0,0,0,0,4,0,0,2,3,2,0,0,0,0,0,7,0,0,0,0,2,0,0,10,0,0,3,0,0,0,3,0,0,0,0,0,0,0,1,0,0,0,0,0,0,0,0,0,1,0,1,0,0,0,0,0,0,0,0,0,5,0,0,0,0,0,2,0,1,0,0,0,0,0,0,0,0,0,0,0,0,0,0,0,0,0,0,0,0,0,0,0,0,0,0,0,0,0,0,0,0,0,0,0,0
0,0,3,0,0,1,1,4,0,0,70,0,1,2,3,3,0,0,4,0,0,1,2,0,0,2,0,2,19,0,2,0,0,0,6,7,0,0,2,0,0,1,0,0,2,0,0,0,0,0,1,0,0,2,0,5,0,0,0,0,0,1,2,2,0,84,0,0,4,2,0,0,0,11,0,0,1,0,4,1,0,0,0,3,1,3,2,0,0,0,0,0,0,0,0,0,0,0,0,0,31,0,0,0,2,0,0,0,0,0,1,1,0,1,2,2,9,2,1,26,0,0,0,2,18,0,1,0,0,0,0,0,3,0,0,0,1,9,0,0,0,37,0,1,0,10,0,8,0,3,26,4,0,0,0,0,1,0,0,0,0,0,1,0,0,0,1,0,0,0,0,0,0,0,107,2,0,0,0,2,11,0,4,0,0,0,0,9,0,0,0,9,1,1,0,3,1,1,0,2,8,0,14,0,0,0,4,0,0,0,8,52,0,0,0,31,0,6,37,0,0,17,1,0,0,78,6,1,7,1,1,0,6,0,0,0,0,2,0,0,0,0,0,0,0,0,1,4,0,0,0,1,0,0,0,0,0,1,0,4,0,31,0,0,0,98,0,0,0,5,0,1,0,2,3,0,0,12,5,0,7,6,3,2,0,0,0,4,0,0,1,0,0,2,1,1,1,1,0,0,0,0,1,0,1,0,2,0,0,0,0,2,0,0,13,0,1,0,0,0,2,9,8,0,0,0,0,0,1,0,8,77,0,48,0,1,1,0,1,0,0,0,0,0,0,5,0,0,0,0,0,10,0,20,1,3,1,0,4,0,0,1,5,0,1,48,0,7,2,1,1,0,0,0,0,0,0,2,0,0,0,0,0,0,0,0,2,15,40,0,0,20,0,0,0,0,4,4,2,121,0,0,0,0,50,0,6,135,2,0,7,1,1,0,23,23,0,0,0,0,12,0,16,3,1,1,0,0,0,10,7,0,3,2,0,2,0,12,7,0,7,0,1,0,3,3,0,0,17,6,2,0,1,0,0,44,0,0,2,1,0,1,0,0,2,3,1,3,2,0,0,4,0,0,0,0,79,0,6,3,0,0,26,0,0,18,0,0,0,0,0,8,0,0,1,7,27,1,0,1,0,0,29,0,0,0,0,8,0,0,12,4,0,3,0,0,0,20,0,0,2,0,0,0,0,5,0,0,0,0,0,0,2,2,0,0,0,2,0,0,1,0,0,4,0,0,0,6,11,3,0,1,3,5,0,1,0,1,1,0,1,0,0,0,0,0,1,32,15,0,1,0,0,4,0,0,19,0,5,3,2,0,0,0,0,0,0,0,0,4,0,42
0,0,0,0,0,0,0,11,0,0,13,0,0,0,0,2,0,0,1,1,0,1,1,0,0,1,0,0,0,2,4,2,0,0,3,4,0,0,0,0,0,0,0,0,4,0,0,0,0,0,0,0,1,1,1,2,0,0,0,0,0,0,0,0,0,5,0,0,1,1,0,0,0,1,1,0,1,0,0,0,0,0,0,7,0,0,4,0,0,0,1,0,0,0,0,0,7,0,0,6,3,0,0,0,0,0,0,0,0,0,1,0,0,0,1,1,0,5,0,4,0,1,0,0,16,0,0,0,0,0,0,0,0,0,0,0,0,1,0,0,0,19,0,0,1,7,0,5,0,5,13,0,0,0,0,1,0,0,0,0,0,0,0,0,0,1,0,0,0,0,0,0,0,0,19,5,0,0,1,2,23,0,1,0,0,0,0,17,0,0,0,6,0,0,1,2,1,4,0,0,3,0,2,11,2,0,3,1,0,0,0,17,1,0,0,24,0,1,20,1,0,0,0,0,0,14,15,3,8,0,0,0,0,0,0,0,0,3,0,0,0,0,0,0,0,3,1,8,0,0,0,0,1,0,0,0,1,0,0,2,0,1,0,0,2,71,0,1,0,2,0,1,0,0,0,0,0,7,2,0,1,3,0,0,1,0,0,5,0,0,0,0,0,0,0,0,0,1,2,0,0,0,1,1,0,0,2,0,0,1,0,1,0,1,3,0,1,0,0,0,0,1,0,0,1,0,0,3,0,0,0,13,0,44,0,0,0,0,0,0,1,0,0,0,0,4,0,0,4,1,0,12,0,5,2,0,1,0,1,1,1,0,5,0,0,9,2,0,1,1,1,0,0,0,0,0,0,0,0,0,0,1,2,0,0,0,2,9,23,0,0,1,0,0,0,0,1,0,0,98,0,0,0,0,37,0,2,50,2,0,0,0,0,0,0,0,1,0,0,0,2,0,0,0,0,1,2,0,0,5,1,0,1,0,2,3,1,0,3,0,1,0,0,0,0,1,0,0,6,3,0,0,0,0,0,20,0,0,4,0,0,34,0,0,1,3,1,1,3,1,0,2,0,1,0,0,3,0,4,1,0,0,22,0,0,1,0,0,0,0,0,5,0,0,1,11,4,0,0,0,0,0,9,0,0,0,0,7,0,0,2,3,0,2,2,0,0,21,0,0,0,0,0,0,0,0,0,0,0,0,2,0,1,1,0,0,0,0,0,0,0,0,0,0,0,0,0,5,0,0,0,0,0,3,0,2,0,0,0,0,0,0,0,0,0,0,7,11,4,1,0,0,0,0,0,0,1,0,2,0,0,0,0,3,0,0,3,0,0,0,0,2
0,0,0,1,3,0,0,3,0,1,8,0,4,1,0,9,0,0,2,2,0,0,2,0,0,3,2,2,1,1,5,0,0,0,4,1,1,0,5,0,0,0,0,5,0,0,0,0,0,0,1,1,1,6,0,1,2,0,0,0,0,0,0,1,0,4,0,0,5,0,0,0,0,3,0,0,1,0,1,3,1,0,0,7,0,1,7,0,0,0,0,0,0,0,0,0,0,0,0,0,5,1,0,0,4,0,0,2,0,0,2,0,3,0,6,3,0,1,0,1,0,0,2,0,22,11,0,0,0,0,0,0,1,0,1,1,0,2,0,3,0,40,0,0,0,20,0,2,0,8,27,2,0,0,0,0,4,3,0,0,0,0,0,0,0,0,0,0,0,1,0,0,2,1,10,2,0,2,0,2,14,0,2,1,0,0,0,18,2,1,0,6,0,0,0,0,8,2,0,5,3,1,2,4,2,0,0,0,0,0,3,4,3,0,3,32,0,17,53,2,0,3,2,0,0,61,9,0,6,3,1,0,3,0,0,0,1,0,0,3,0,0,0,1,0,0,0,9,0,0,1,2,1,1,0,0,0,0,0,10,0,5,1,0,1,14,0,0,0,9,0,1,0,0,0,0,0,4,3,0,6,4,0,0,0,0,0,6,0,5,3,0,1,0,0,2,2,3,3,0,0,0,0,1,0,0,1,0,0,0,0,1,0,1,5,1,0,0,0,0,0,3,6,0,0,1,0,5,1,0,1,5,0,16,0,0,0,0,0,0,4,0,0,0,0,8,0,0,1,1,0,14,0,7,11,2,0,0,0,0,3,1,1,0,0,17,1,2,0,2,2,0,1,0,0,0,1,4,1,0,0,0,0,0,0,1,3,8,34,0,0,0,0,0,0,0,6,1,0,140,0,0,0,0,35,0,7,80,1,1,0,1,3,0,1,1,0,1,0,0,2,0,0,8,0,0,4,0,0,10,0,0,1,0,1,0,0,1,3,0,8,0,1,0,5,1,0,0,7,4,0,0,2,0,0,30,0,0,30,0,0,102,0,0,4,3,4,1,1,3,0,7,0,0,0,0,6,0,3,0,0,0,34,0,0,2,1,0,1,0,0,15,0,0,1,9,30,1,1,0,0,0,52,0,1,0,0,12,3,0,30,0,0,4,1,0,0,0,1,0,16,1,0,0,0,6,0,1,1,0,1,1,0,2,3,0,0,0,0,2,1,0,0,0,1,0,0,7,18,1,2,0,2,2,0,2,0,0,0,1,0,0,0,0,0,0,1,27,11,0,0,0,0,2,0,0,15,0,5,0,2,0,0,7,0,0,0,0,0,0,2,3
1,0,0,0,0,0,4,1,0,0,3,1,1,1,1,3,1,0,1,0,0,0,1,4,4,1,0,0,1,7,0,3,0,0,3,4,0,0,0,0,0,0,0,0,1,0,0,0,0,0,1,2,1,1,0,0,2,0,0,0,0,1,0,0,0,3,0,0,0,0,0,0,0,3,0,0,0,0,0,0,0,1,1,0,0,0,1,0,0,0,0,0,0,0,0,0,2,1,0,0,0,0,0,0,2,0,0,1,0,0,1,0,0,0,1,0,0,2,0,0,0,0,1,0,8,0,0,0,0,1,1,0,0,0,0,3,1,4,0,0,0,9,0,0,0,5,0,0,0,6,20,0,0,0,0,0,1,2,0,0,0,1,0,0,0,0,1,0,0,3,0,0,1,0,3,0,0,0,0,0,12,1,0,0,0,0,0,8,0,0,0,4,1,0,0,0,1,0,0,0,0,0,0,10,2,4,0,1,0,0,0,5,0,1,0,9,0,3,34,0,0,3,0,0,0,2,8,4,2,2,1,0,0,0,2,1,0,3,0,0,0,0,0,0,0,0,0,1,2,1,1,3,0,0,0,0,1,0,0,3,0,0,0,0,0,9,0,1,0,2,0,1,0,0,0,0,0,5,2,0,1,2,1,2,0,0,0,4,0,0,0,0,0,0,1,0,0,1,6,0,0,0,0,1,0,0,1,0,1,0,0,0,0,0,2,1,0,0,0,0,0,0,1,0,0,0,0,0,1,0,0,0,0,18,1,0,0,0,0,0,0,0,0,0,1,5,0,0,0,1,0,5,0,7,5,1,0,0,0,2,0,0,0,6,1,11,0,0,0,3,3,1,0,0,0,0,0,1,1,0,0,0,0,0,24,0,0,4,18,0,0,0,0,0,0,0,2,0,0,58,0,0,2,0,7,0,0,15,0,0,0,0,2,0,2,2,0,0,0,0,2,0,0,1,0,0,0,0,0,5,1,1,1,0,0,4,0,2,0,0,2,2,0,0,0,1,0,0,5,1,0,0,1,0,0,11,0,0,10,0,0,36,0,3,2,1,1,0,1,3,0,3,0,0,0,0,0,0,0,0,0,0,13,0,0,0,0,0,0,0,0,1,0,0,3,7,10,0,0,0,0,0,16,1,1,0,2,3,0,0,13,1,0,13,7,1,0,2,0,0,0,0,0,0,1,1,0,0,4,0,0,0,1,0,0,0,0,0,1,0,0,0,0,0,0,0,0,8,1,1,3,0,1,13,0,0,0,0,0,0,0,0,0,0,0,0,0,5,1,0,0,0,0,3,0,0,1,0,1,0,0,0,0,1,0,0,1,0,0,0,0,2
0,0,0,0,0,0,1,2,0,0,1,0,0,0,0,2,0,0,1,0,1,0,0,0,0,1,0,0,0,0,2,1,0,0,4,0,0,0,0,0,0,0,0,0,0,0,0,0,0,0,1,0,0,0,0,0,0,0,2,0,0,0,3,1,0,6,0,0,0,0,0,0,0,0,0,0,0,0,0,0,0,0,0,1,0,0,1,0,0,0,0,0,0,0,0,0,0,0,0,2,0,0,0,0,2,1,0,0,0,0,1,1,1,0,0,0,0,0,0,1,1,0,3,0,1,0,1,0,0,0,0,0,0,0,0,0,0,1,0,0,0,18,0,0,0,9,0,0,0,5,9,1,0,0,0,0,1,0,0,1,0,0,0,0,0,0,0,0,0,0,0,0,0,0,3,0,0,0,0,0,13,2,2,0,0,0,0,5,0,1,0,1,0,0,2,0,0,0,0,1,1,0,1,11,0,1,0,1,0,0,1,4,1,0,0,16,0,2,36,0,0,1,0,0,0,12,1,1,4,1,0,0,5,0,0,0,1,1,0,1,0,0,0,0,0,0,0,0,0,1,0,0,0,0,1,0,0,0,0,3,1,3,0,0,0,7,0,0,0,0,0,0,7,0,0,0,0,1,2,0,1,0,0,0,0,0,0,2,0,1,0,0,0,0,0,1,0,2,7,0,0,0,0,0,0,0,0,0,0,1,0,1,0,0,1,0,3,0,2,0,0,0,0,0,0,0,0,0,0,0,5,4,0,19,0,0,0,0,0,0,0,0,0,0,0,7,0,0,1,0,0,3,0,4,2,0,0,0,0,0,0,1,0,0,0,5,0,0,0,2,2,0,0,0,0,0,0,4,1,0,0,0,1,0,0,0,0,3,15,0,1,0,0,0,0,0,0,0,0,60,0,0,0,0,14,0,1,16,4,1,0,0,0,0,1,1,1,0,0,0,0,0,0,1,0,0,0,0,0,2,0,0,0,0,0,4,1,0,0,0,2,0,0,0,1,0,0,0,4,0,0,0,0,0,0,20,0,0,29,0,0,0,0,0,2,0,0,0,0,1,1,0,0,1,0,0,0,0,0,0,0,0,6,0,0,0,0,0,0,0,1,3,0,1,1,2,7,0,0,0,0,0,18,0,0,0,0,0,0,0,6,3,0,8,1,0,0,2,0,0,0,0,0,0,0,2,0,0,0,0,1,0,0,0,0,0,0,0,0,0,0,0,0,0,0,0,0,9,0,0,2,0,1,8,0,0,0,0,0,0,0,0,0,0,0,0,1,4,0,0,0,0,0,0,0,0,0,0,0,0,0,0,0,0,0,0,0,0,0,0,0,3
0,0,0,0,0,0,1,3,0,0,0,0,1,1,2,0,0,0,0,0,0,0,1,0,0,0,0,0,0,0,0,0,0,0,0,0,0,0,1,0,0,0,0,0,2,0,0,0,0,0,1,0,0,0,0,0,1,0,0,0,0,0,0,0,0,4,0,0,2,0,0,0,0,0,1,0,0,0,3,0,0,0,0,0,0,0,1,0,0,0,3,0,0,0,0,0,0,3,1,0,0,0,2,0,0,0,0,0,0,0,0,0,0,0,0,0,1,0,0,1,0,0,2,0,12,0,0,0,0,1,0,0,0,0,1,0,0,0,0,0,0,11,0,0,0,0,0,1,0,2,1,0,0,0,0,0,0,0,0,1,0,0,0,0,0,0,0,0,0,1,0,0,0,0,3,1,0,0,0,0,4,1,1,0,0,0,0,3,0,1,0,1,0,0,2,0,0,1,0,0,0,0,0,2,0,0,0,0,0,0,0,4,0,0,0,19,0,0,10,0,0,0,1,0,0,0,0,0,0,0,0,0,0,0,0,0,1,2,0,0,0,0,0,0,0,0,0,0,0,0,1,0,0,0,0,0,0,0,0,2,0,0,1,0,0,2,0,0,0,1,0,0,0,0,2,0,0,2,1,0,0,3,0,0,0,0,0,0,0,1,0,0,0,0,0,2,0,0,0,0,0,0,0,0,0,0,1,0,0,1,0,1,0,0,3,0,0,0,0,0,0,0,0,0,0,0,0,1,0,0,0,2,0,7,0,0,0,0,0,0,0,1,0,0,0,5,0,1,2,0,0,2,0,4,4,0,0,0,0,0,0,0,1,1,0,13,0,1,1,2,2,0,0,0,0,0,0,0,0,0,0,0,1,0,0,0,0,2,14,0,0,0,0,0,0,0,2,0,1,39,0,0,0,0,7,0,1,25,0,0,1,0,1,0,0,0,0,1,0,0,0,0,0,2,0,0,0,0,0,1,3,4,0,0,0,2,1,0,11,0,1,0,1,0,0,1,0,0,3,0,0,0,1,0,0,1,1,0,4,0,0,0,0,0,8,1,0,0,1,0,0,0,0,1,1,0,3,0,1,2,0,0,4,0,0,0,0,0,0,0,0,1,0,1,0,14,3,1,0,0,0,0,12,0,0,0,0,11,0,0,8,0,0,1,0,0,0,1,0,0,1,0,0,0,0,1,0,0,2,0,0,0,0,0,0,1,0,0,0,0,0,0,0,1,0,0,0,2,0,0,0,1,0,1,0,1,0,0,0,0,0,0,0,0,0,0,0,1,12,0,0,0,0,0,0,0,1,0,1,0,1,0,0,0,0,0,0,0,0,0,0,0
0,0,0,0,0,0,1,1,0,0,0,0,0,0,1,1,1,0,1,0,0,0,0,0,0,0,0,0,0,0,0,5,0,0,1,1,0,0,0,0,0,0,0,0,1,0,0,0,1,0,1,1,0,0,0,1,0,0,0,0,0,0,0,0,0,4,0,0,4,0,0,1,0,3,0,0,0,0,0,0,0,1,0,0,0,0,1,0,0,0,12,1,0,0,0,0,1,0,0,0,1,0,0,0,0,0,1,0,0,0,0,0,0,0,1,0,0,1,2,0,0,0,0,0,2,0,0,0,0,0,0,0,0,0,0,0,1,0,0,0,0,28,0,0,0,0,0,0,0,1,5,1,0,0,0,0,0,0,0,0,0,0,0,1,0,0,0,0,0,1,0,0,0,0,38,0,0,0,0,0,0,0,0,0,0,0,0,0,0,1,0,1,0,2,3,0,2,1,2,0,1,1,0,0,0,0,0,0,0,0,1,2,0,0,0,3,0,0,9,0,0,0,0,0,0,0,1,0,4,6,2,0,0,0,0,0,0,0,0,0,0,0,0,0,0,0,0,0,0,0,0,0,0,0,0,0,0,0,0,3,0,0,0,0,1,3,0,0,0,0,0,0,0,0,0,0,0,3,0,0,1,4,0,0,0,0,0,0,0,1,1,0,0,0,1,1,0,0,1,0,0,0,0,1,0,2,0,0,0,1,0,0,0,0,2,0,0,0,0,0,0,0,1,0,0,0,0,0,0,0,0,6,0,1,0,0,0,0,0,0,0,0,1,0,0,4,0,0,0,0,0,11,0,3,0,0,0,0,0,0,0,0,1,0,0,2,0,0,0,4,4,0,0,0,0,0,0,2,1,0,2,0,2,0,0,0,1,0,8,0,0,0,1,0,0,0,1,0,1,19,1,0,0,0,19,0,0,34,0,0,0,0,1,0,1,1,0,0,0,0,0,0,0,0,0,0,0,0,0,3,1,0,2,0,0,0,0,0,1,0,0,1,1,1,0,3,0,0,5,0,0,0,0,0,0,3,0,0,0,0,0,0,0,0,0,1,0,0,0,1,0,4,0,0,1,0,2,0,1,0,0,0,33,0,0,0,1,0,0,0,0,1,0,0,2,0,8,0,0,0,0,0,21,0,0,0,1,12,0,0,5,0,0,13,0,0,0,1,0,1,0,0,0,0,0,0,0,0,0,0,0,0,0,0,0,0,0,0,0,0,0,0,0,0,0,1,0,3,0,0,2,0,1,1,0,2,0,0,0,0,0,0,0,0,0,0,3,3,30,0,0,0,0,0,0,0,0,0,0,0,0,0,0,0,0,0,0,0,0,1,0,0
0,1,0,0,0,0,0,12,0,1,3,0,0,0,1,0,0,0,0,0,0,0,1,0,0,2,0,0,0,0,2,18,0,0,0,1,0,0,0,0,0,0,0,0,0,0,1,0,0,0,1,0,0,1,0,1,0,0,0,1,0,0,0,0,1,5,0,0,0,0,0,0,0,4,1,0,2,0,0,0,0,0,0,3,0,0,1,0,0,1,0,0,0,0,0,0,1,0,0,1,0,0,1,0,0,0,0,0,0,0,0,0,0,1,1,3,0,1,0,0,0,1,2,1,4,0,0,0,0,1,0,0,0,0,0,1,0,0,0,0,0,27,0,2,1,2,0,2,0,1,8,0,0,0,0,1,1,0,0,0,0,0,0,0,0,0,1,0,0,1,0,0,0,0,6,1,0,1,0,0,3,3,0,0,0,0,0,3,0,1,0,2,0,1,1,0,0,1,1,0,1,0,1,2,2,0,0,0,0,1,1,1,0,0,1,9,3,1,23,1,0,0,0,0,0,17,2,0,1,1,0,0,0,0,0,0,0,2,0,0,0,0,0,1,0,0,0,2,0,0,0,2,0,0,0,0,1,0,0,0,0,4,0,0,0,13,0,0,0,1,1,0,0,0,1,0,0,4,0,0,1,4,0,1,0,0,0,4,0,0,0,0,0,0,0,1,1,0,0,0,0,1,0,0,0,0,1,0,0,1,0,1,0,0,1,0,0,0,0,0,0,0,0,0,0,0,0,1,0,0,0,4,0,12,0,0,0,0,0,0,0,0,1,0,0,7,0,0,1,1,1,3,0,4,1,0,0,1,0,0,0,0,0,0,0,10,0,1,0,2,2,0,0,0,0,1,0,0,1,0,0,0,1,0,0,0,0,1,23,0,0,0,0,0,0,1,2,0,1,61,0,0,6,1,17,0,0,37,2,0,1,0,0,0,1,1,0,0,0,0,1,0,0,7,0,1,5,0,0,4,3,0,1,0,0,1,1,0,3,0,2,0,0,0,0,1,0,0,2,3,0,0,0,0,0,3,0,1,2,0,0,3,0,1,7,2,0,4,0,0,0,1,0,5,0,0,1,0,7,0,0,0,25,0,0,0,0,0,0,1,0,1,0,0,0,2,10,4,0,0,0,0,32,0,0,0,0,2,0,0,5,1,0,2,1,0,0,2,0,0,1,0,0,0,0,1,0,0,2,1,1,0,1,0,1,0,2,0,0,0,1,0,0,1,0,0,0,147,4,1,1,0,0,3,0,0,0,0,0,0,0,0,0,0,0,0,3,15,32,0,0,0,0,0,0,0,0,1,2,0,1,0,0,0,0,0,1,0,0,1,1,2
0,0,0,0,0,0,0,1,0,0,0,0,0,0,0,0,0,0,0,0,0,0,2,1,0,1,0,2,0,0,0,0,0,0,1,2,0,0,0,0,0,0,0,0,0,0,0,0,0,0,0,0,0,0,1,0,0,0,0,0,0,0,0,1,0,2,0,0,0,0,0,0,0,0,0,0,0,0,0,0,0,0,0,0,0,0,0,0,0,0,1,0,0,0,0,1,0,0,0,0,0,0,0,0,0,0,0,0,0,0,0,0,0,1,2,0,0,0,1,1,0,0,0,0,0,1,0,0,0,0,0,0,0,0,0,0,0,1,0,0,0,10,0,0,0,0,0,2,0,2,0,0,0,0,0,0,0,0,0,0,0,0,0,0,0,0,0,0,0,1,0,0,0,0,0,0,0,0,0,2,6,0,0,0,0,0,0,2,0,0,0,1,0,0,0,0,1,0,0,1,3,0,0,1,0,0,0,0,0,0,2,1,1,0,0,5,0,1,4,0,0,0,1,0,0,0,1,0,0,0,1,0,0,0,0,0,0,4,0,1,0,0,0,0,0,0,0,0,0,0,0,0,0,0,0,5,0,0,0,1,0,0,0,0,0,0,0,0,0,0,0,2,0,0,1,0,0,2,0,1,0,0,0,0,0,0,1,0,0,0,0,0,0,0,0,0,0,0,0,0,0,0,0,0,0,0,0,0,0,0,0,0,0,0,0,0,0,1,0,0,0,0,0,0,0,0,0,0,0,0,0,0,0,1,0,0,0,0,0,0,0,0,0,0,1,1,0,0,1,0,0,1,0,0,1,0,0,0,0,0,0,0,2,0,0,5,0,0,0,0,0,0,0,0,0,0,0,16,0,0,0,0,0,0,0,0,0,3,16,0,0,0,0,0,0,0,1,0,0,18,0,0,0,0,13,0,1,16,0,0,0,0,0,0,0,0,0,0,0,0,0,0,0,0,0,0,2,0,0,2,0,0,1,0,0,0,0,0,0,0,1,0,1,0,0,0,0,0,0,0,0,0,0,0,0,1,0,0,0,0,0,0,0,0,4,0,0,1,0,0,0,0,0,2,0,0,0,0,0,0,0,0,3,0,0,0,0,0,0,0,0,4,0,0,0,0,2,0,0,0,0,0,5,0,0,0,0,0,1,0,10,0,0,0,0,0,0,1,0,0,1,0,0,0,0,2,0,0,0,0,0,0,0,0,0,0,0,0,0,0,0,0,0,0,0,0,0,6,0,0,0,0,1,1,0,0,0,0,0,0,0,0,0,0,0,0,0,2,3,0,0,0,0,0,0,0,0,0,2,0,0,0,0,0,0,0,0,0,0,0,0,0
0,0,0,0,0,0,0,2,0,1,2,1,0,0,0,4,0,0,0,0,2,0,0,0,0,0,0,2,2,0,1,0,0,0,4,3,0,0,0,0,0,0,0,0,0,0,0,0,0,0,1,0,0,1,0,2,0,0,0,0,0,0,0,2,0,6,2,0,0,0,0,0,0,3,0,0,2,0,2,0,0,0,0,12,0,0,4,0,0,0,0,0,0,0,0,0,0,0,0,1,0,0,2,0,1,0,0,0,0,1,13,0,0,2,0,3,0,0,0,1,0,0,3,0,8,1,0,2,0,0,0,0,0,0,0,1,0,15,0,0,0,16,0,0,0,4,0,0,0,2,19,3,0,0,0,0,1,0,0,2,0,2,0,0,0,0,0,0,0,0,0,0,0,0,6,0,0,0,0,0,12,0,3,0,0,0,1,6,0,7,0,3,0,0,1,0,0,0,0,1,2,1,1,4,0,0,0,8,0,0,2,33,1,0,0,11,0,1,18,0,1,1,1,0,0,24,4,1,1,0,0,0,1,1,0,0,0,4,0,0,0,0,0,1,1,0,0,1,0,1,0,2,2,0,0,2,0,0,0,3,0,0,0,0,0,84,0,0,0,0,0,2,0,0,0,0,0,7,1,0,0,0,0,0,0,0,1,3,0,0,0,0,0,1,0,0,1,0,0,0,1,0,0,0,0,0,0,0,0,1,0,1,0,0,0,0,1,0,0,0,0,1,1,0,1,0,0,7,0,0,0,0,0,16,0,0,0,0,0,0,0,0,0,0,1,7,0,0,1,2,0,5,0,3,1,1,0,1,0,0,0,0,0,0,0,20,1,1,0,0,0,1,1,0,0,0,0,3,1,0,0,0,0,0,0,1,1,3,34,0,0,3,0,0,10,0,0,1,0,59,0,0,0,0,44,0,0,38,0,0,1,0,0,1,1,1,0,1,0,0,0,0,0,2,1,0,2,0,0,3,1,0,1,0,0,1,0,0,1,0,1,0,3,0,0,0,0,0,4,1,0,0,0,0,0,5,0,0,4,0,0,70,0,0,5,2,3,1,4,0,0,1,156,0,0,0,2,0,5,3,0,0,11,0,0,1,0,0,0,0,1,4,0,0,0,0,20,1,0,0,0,0,37,0,1,1,0,6,0,0,7,0,0,45,1,0,0,15,0,0,1,0,0,0,0,2,0,0,0,0,0,0,0,1,0,0,0,0,0,0,0,0,0,3,0,0,0,5,0,0,0,0,1,8,0,0,0,0,0,0,0,0,0,0,0,0,0,11,22,0,0,0,0,0,0,0,0,0,1,0,0,0,0,0,0,0,0,0,0,0,0,2
0,0,0,0,1,0,0,2,0,0,2,0,0,0,0,2,1,1,0,0,0,1,1,0,3,0,0,2,0,0,1,1,4,0,1,1,0,0,0,0,0,0,0,0,1,0,0,0,0,0,0,1,4,0,0,1,1,0,0,0,0,0,0,0,0,8,0,0,5,0,0,0,1,0,4,0,2,0,0,1,0,0,0,4,0,1,2,0,0,0,1,0,0,0,0,0,0,1,0,0,0,0,0,0,0,0,0,1,0,0,10,0,0,1,6,0,0,0,1,1,0,0,7,0,18,0,0,0,0,0,0,0,0,0,1,0,1,1,2,0,0,10,0,0,0,4,0,2,0,7,8,1,0,0,0,0,0,0,0,0,2,0,0,0,0,0,0,1,0,1,0,0,1,0,4,0,0,0,0,0,7,0,2,0,0,0,0,5,2,2,0,6,0,0,1,0,3,0,0,2,1,0,3,6,2,0,1,0,0,0,2,17,2,0,0,10,0,3,9,0,0,3,2,0,0,7,2,0,0,0,0,0,3,1,0,0,0,2,0,1,0,1,0,0,0,1,1,0,0,0,1,0,0,0,0,0,8,0,0,3,2,2,0,0,0,17,0,0,0,0,0,1,0,2,0,0,0,1,0,0,0,2,0,0,0,0,0,1,0,1,0,0,0,0,0,2,1,1,0,0,0,0,0,0,0,0,1,1,0,0,0,1,0,0,4,0,1,0,0,0,0,1,2,0,0,0,0,0,0,0,0,112,0,32,0,1,0,0,0,0,0,0,0,1,1,3,0,0,0,2,0,6,0,2,5,0,0,0,0,0,0,0,3,0,0,11,0,1,0,2,2,0,0,0,0,0,0,3,0,0,2,0,1,0,0,0,0,1,19,0,1,3,0,0,1,0,0,2,0,51,0,0,2,0,10,0,0,41,0,0,0,0,2,0,1,1,1,2,0,0,0,0,0,2,0,1,2,0,0,3,0,0,5,0,0,1,1,0,0,0,7,0,2,0,0,1,0,0,2,0,0,0,1,0,0,3,1,0,7,0,0,0,0,0,0,1,2,1,0,1,0,1,0,0,0,0,3,0,1,0,0,0,75,0,0,0,0,0,0,0,0,2,0,1,0,6,5,0,0,0,0,0,25,0,0,0,1,10,0,0,25,1,0,9,0,0,0,2,0,0,2,0,0,0,0,2,0,0,1,0,0,0,0,0,0,0,0,0,0,0,0,0,0,1,0,0,0,2,3,0,0,0,1,9,1,1,0,0,0,0,0,0,0,0,0,0,0,12,11,0,0,0,0,0,0,1,0,0,0,0,0,0,0,0,0,0,8,0,0,1,0,0
0,0,0,0,0,0,0,9,0,1,2,3,0,0,0,0,0,0,0,0,0,1,0,0,0,0,0,1,0,2,0,2,0,0,0,2,0,0,0,0,0,0,0,0,0,0,0,0,0,0,0,0,0,1,0,0,0,0,0,0,0,0,0,0,0,8,0,0,3,0,0,0,0,1,0,0,0,0,0,0,0,0,0,0,0,0,0,0,0,0,1,0,0,0,0,0,0,0,0,0,0,0,1,0,3,0,0,0,0,0,5,0,0,0,0,0,0,0,0,0,0,0,3,1,6,1,0,0,0,0,0,0,0,0,0,0,0,0,0,0,0,31,0,1,0,6,0,0,0,1,1,1,0,0,0,0,0,1,0,0,0,0,0,0,0,0,0,0,0,0,0,0,0,0,4,1,0,0,1,0,5,1,2,0,0,0,0,5,1,1,0,3,0,0,0,0,1,0,0,0,0,0,1,6,0,0,0,2,0,0,2,1,0,0,0,5,0,3,7,0,0,0,0,0,0,3,1,0,1,0,0,0,6,0,0,0,0,3,0,1,1,0,0,2,0,0,0,3,0,0,0,1,1,0,0,2,4,0,0,0,0,0,0,0,0,3,0,0,0,0,0,0,0,0,0,0,0,0,0,0,0,2,0,0,0,0,0,2,0,2,0,0,0,0,0,0,0,0,0,0,0,0,0,2,0,0,0,0,0,1,0,1,0,0,0,0,0,0,0,0,0,1,0,0,1,0,0,0,0,0,1,0,0,7,0,0,0,0,0,0,0,0,0,0,0,5,0,0,0,0,0,4,0,5,0,2,1,0,0,0,0,0,1,0,0,8,4,0,0,0,0,0,0,0,0,0,0,0,0,0,0,0,0,0,0,0,0,2,24,0,0,1,0,0,0,0,0,0,0,41,0,0,1,0,16,0,3,19,0,0,0,0,3,0,0,0,0,0,0,0,0,0,0,0,1,0,0,0,0,6,0,0,7,0,0,0,0,0,1,0,4,0,2,0,0,0,0,0,3,0,0,0,0,0,0,0,0,0,9,0,0,2,0,0,0,1,2,1,0,0,0,0,0,0,0,0,2,0,1,2,0,0,11,0,0,0,0,0,1,0,0,3,0,0,0,3,5,0,0,0,0,0,26,0,0,0,1,1,0,0,5,0,0,9,1,0,0,2,0,0,4,0,0,0,0,2,0,0,0,0,0,0,1,0,0,0,0,0,0,0,0,0,0,1,0,0,0,6,1,0,0,0,1,4,0,0,0,0,0,0,0,0,0,0,0,0,0,4,4,0,0,0,0,0,0,2,1,0,2,0,0,0,0,0,0,0,0,1,0,0,0,0
0,1,0,0,1,0,2,10,0,0,2,0,0,0,1,2,0,1,0,0,0,1,0,1,1,0,0,3,2,0,2,0,0,0,1,4,0,0,1,0,0,2,0,0,0,0,3,0,0,0,2,2,6,4,5,3,1,0,0,0,0,0,1,0,0,21,3,0,2,0,0,0,0,3,0,0,0,0,0,2,0,0,0,2,0,0,1,0,0,0,0,0,0,0,0,1,1,0,0,1,0,0,0,0,2,0,0,0,0,0,1,0,0,1,1,7,3,0,0,0,0,0,3,0,44,0,0,1,0,1,1,0,0,0,0,0,0,16,0,0,0,25,0,0,1,10,0,1,0,9,11,1,0,0,0,0,0,0,0,0,0,0,0,0,0,0,0,0,0,0,0,0,0,0,10,0,0,0,1,2,2,1,0,0,0,0,0,11,0,0,0,2,0,0,0,0,1,1,0,2,4,1,0,3,0,0,1,1,0,0,3,35,1,0,0,32,0,4,16,1,0,6,0,0,0,27,1,0,5,0,0,0,4,0,0,0,0,1,0,0,0,0,0,1,1,1,0,4,0,0,0,1,0,0,0,1,0,0,0,31,0,3,0,0,0,49,0,0,0,2,0,1,0,0,0,0,0,3,1,0,6,1,0,0,0,0,0,1,0,0,0,0,0,0,0,3,0,1,0,0,0,0,1,2,0,0,2,0,0,2,0,1,0,0,1,1,0,0,0,0,0,3,0,0,0,0,0,0,0,1,0,43,0,30,0,0,0,0,0,0,0,0,0,1,0,4,0,0,0,1,0,8,0,1,1,2,1,0,0,0,0,0,2,1,0,11,1,0,0,1,1,0,0,0,0,0,0,0,0,0,0,0,2,0,0,0,1,5,30,0,0,6,0,0,1,0,3,0,0,163,0,0,0,0,57,0,0,47,0,2,0,0,0,1,20,20,0,0,0,0,1,0,0,6,0,0,4,0,0,13,3,0,15,1,0,3,2,0,2,0,1,0,7,0,0,0,0,0,15,2,2,0,0,0,0,1,0,1,4,0,0,88,0,0,0,3,1,2,0,0,0,2,0,1,0,0,1,0,11,4,0,0,45,0,0,0,0,0,1,0,0,2,0,0,0,0,7,2,0,0,1,0,53,0,0,0,0,10,3,0,11,0,0,12,0,0,0,5,0,0,3,0,0,0,0,5,0,1,0,0,0,0,2,0,0,0,0,0,0,0,0,0,0,0,0,0,0,5,0,1,0,0,0,2,0,2,0,0,0,0,0,0,0,0,0,2,0,0,19,0,0,0,0,0,0,0,2,0,0,0,0,0,0,0,0,0,0,0,0,0,0,0
0,0,0,0,1,0,0,2,0,0,2,0,0,0,1,1,0,0,0,0,0,0,2,0,0,0,0,2,0,4,0,3,0,0,1,1,0,1,0,0,0,0,0,0,0,0,1,0,0,0,0,0,0,0,0,2,0,2,0,2,0,0,0,0,0,10,0,0,0,0,0,0,0,1,0,0,2,0,0,2,0,0,0,0,0,0,2,0,0,2,1,0,0,0,0,0,1,0,0,0,0,0,1,0,0,0,0,1,0,0,11,0,0,0,0,0,0,1,1,0,0,0,0,0,0,0,0,1,0,0,1,0,0,1,0,0,0,0,0,0,0,2,0,0,0,5,0,0,0,6,8,0,0,0,0,0,0,0,0,0,0,0,0,0,0,0,0,0,0,1,0,0,0,0,3,0,0,0,0,0,15,0,2,0,0,0,0,5,0,0,0,8,0,0,0,1,1,1,0,1,0,1,0,10,1,0,0,0,0,0,0,12,2,1,0,4,0,6,8,0,0,3,0,0,0,4,11,0,30,2,0,0,2,0,0,0,0,3,0,1,0,0,0,0,0,1,0,1,0,1,0,1,0,0,0,3,0,0,0,0,0,0,0,0,0,0,0,0,0,1,0,1,0,0,0,0,0,1,3,0,1,1,0,0,1,0,0,3,0,0,1,0,0,0,0,0,0,2,1,0,1,0,0,1,0,0,1,0,0,1,0,1,0,0,0,0,3,0,0,0,0,1,2,0,0,1,0,0,0,1,0,0,0,22,0,1,0,0,0,0,0,0,0,1,1,3,0,0,1,0,0,3,0,3,0,0,0,1,0,0,0,0,2,0,0,1,0,0,0,2,2,0,0,0,1,0,0,0,0,0,2,0,0,0,0,0,2,2,19,0,0,1,1,0,0,0,1,0,0,28,0,0,0,0,12,0,1,9,1,0,0,0,2,2,4,4,0,0,0,0,2,0,0,3,1,0,3,0,0,9,1,0,3,1,2,6,0,1,0,0,5,0,2,0,0,0,0,0,3,0,0,0,0,0,0,19,0,1,3,0,0,0,0,0,2,1,0,0,0,4,0,0,0,0,0,0,0,0,2,1,0,0,9,0,0,0,2,0,0,0,0,3,0,0,0,2,4,1,0,0,0,0,19,0,0,1,0,4,0,0,1,5,0,6,7,0,0,4,0,0,1,0,0,1,0,1,0,0,0,0,0,0,0,0,0,0,0,1,0,0,0,0,1,0,0,0,0,3,14,0,0,0,0,6,0,0,0,0,0,0,0,0,3,0,0,0,0,2,4,0,0,0,0,3,0,0,1,0,0,0,0,0,0,0,0,0,0,0,0,0,1,1
0,1,0,0,0,0,0,7,0,0,1,0,0,2,0,0,1,0,0,1,0,0,0,1,2,0,0,0,0,0,1,0,0,0,3,1,1,0,1,1,1,0,0,0,1,0,0,0,0,0,2,3,2,1,0,3,0,0,0,6,0,0,1,1,1,14,0,1,0,0,1,0,0,3,0,0,0,1,4,0,1,0,0,0,0,0,3,0,0,0,0,0,0,0,0,0,1,2,1,0,0,0,1,0,1,0,0,0,0,1,1,0,0,0,2,2,0,2,0,2,0,1,1,0,12,0,0,0,0,0,0,0,0,0,0,0,0,3,1,0,0,19,0,0,1,9,0,4,0,7,22,2,1,0,0,0,3,3,0,1,0,0,0,0,0,0,0,0,0,1,0,0,0,0,7,0,0,0,0,0,14,0,2,0,0,0,0,7,2,0,0,1,0,0,3,5,0,4,0,0,0,0,2,9,2,0,1,1,0,0,1,11,2,0,0,19,0,4,12,0,0,3,0,0,0,1,1,0,20,6,4,0,0,2,0,0,0,4,0,0,0,0,0,1,0,0,0,6,0,0,0,3,0,1,0,0,0,0,0,4,0,0,0,0,0,3,0,0,0,4,0,3,0,1,0,0,0,7,1,0,0,1,0,2,0,0,0,4,0,1,0,0,0,1,0,1,1,2,1,0,0,0,0,0,0,0,3,1,0,0,0,1,0,0,4,0,0,0,4,0,1,0,1,0,0,2,0,1,0,0,0,14,0,11,0,0,0,0,0,0,0,0,1,1,3,6,0,1,4,0,0,7,0,6,6,1,1,0,0,0,0,2,1,1,2,12,1,2,0,2,2,0,0,0,0,0,0,4,0,0,0,0,1,0,0,0,2,7,22,0,0,0,1,0,0,0,2,0,1,91,0,0,0,0,12,0,0,40,0,0,0,0,2,1,0,0,0,0,0,0,0,0,0,5,3,1,2,0,0,5,1,0,4,0,0,2,0,0,1,0,4,0,1,0,1,7,0,0,4,1,0,0,2,0,0,8,0,0,10,0,0,0,0,1,6,2,1,2,1,1,0,2,0,1,0,0,6,0,5,2,0,0,65,0,0,0,0,0,0,0,0,4,0,1,0,6,6,1,0,0,0,0,49,0,3,0,2,7,3,0,13,0,0,4,0,0,0,9,0,0,2,0,1,0,0,3,0,0,0,0,0,0,3,0,2,0,0,0,0,0,0,0,0,0,0,0,0,21,1,1,0,2,3,1,0,3,0,0,0,0,0,0,0,0,0,0,0,3,8,0,0,0,0,0,0,1,1,0,3,0,0,0,0,0,0,0,1,0,0,0,0,1
0,0,0,0,0,0,1,0,0,3,1,0,0,0,0,2,0,0,0,0,0,0,1,0,0,1,0,1,0,0,0,0,0,0,2,4,1,0,3,0,0,0,0,0,2,0,0,0,0,0,0,0,0,1,0,1,0,0,0,0,0,0,0,0,0,18,0,0,1,0,0,0,0,2,0,0,0,0,2,0,0,0,0,1,0,2,2,0,0,0,1,0,16,0,0,0,0,2,0,0,0,0,0,0,0,0,0,0,0,0,1,0,0,0,2,1,0,0,0,2,0,0,2,0,9,0,0,0,0,0,0,0,0,0,0,1,0,1,0,0,0,16,0,0,0,5,0,1,0,5,12,1,0,0,0,0,1,1,0,0,0,0,0,0,0,0,0,0,0,0,0,0,0,0,15,0,0,0,0,2,23,1,3,0,0,0,0,10,1,1,0,2,0,0,0,0,4,4,0,0,0,0,2,6,1,0,1,1,0,0,1,8,0,2,0,6,0,1,19,0,0,1,0,0,0,28,4,2,2,0,1,0,3,3,0,0,0,1,0,0,0,0,0,1,0,0,0,0,0,4,2,5,1,1,0,0,0,0,0,2,0,0,0,0,0,6,0,0,1,0,0,3,0,0,0,0,0,9,3,1,1,2,0,1,0,0,0,6,0,1,0,0,0,0,0,2,0,0,2,0,0,0,0,0,0,0,11,0,0,0,0,2,0,0,2,0,0,0,0,0,0,1,0,0,1,0,0,2,0,0,0,1,0,39,0,0,0,0,0,0,0,0,1,0,0,1,0,0,1,0,0,5,0,8,0,2,0,0,0,0,0,1,1,0,0,15,1,2,0,1,1,0,0,0,1,0,0,0,0,0,0,0,0,0,0,0,1,3,23,0,0,1,0,0,0,0,1,4,0,42,0,1,0,0,23,0,0,39,1,0,0,0,0,0,0,0,0,0,0,0,0,0,0,6,0,0,2,0,0,9,0,0,5,0,0,1,0,0,2,0,1,0,7,0,0,0,3,0,2,1,0,0,0,0,0,13,0,0,5,0,0,84,0,0,4,1,3,3,0,0,0,0,0,0,0,1,2,0,0,2,0,0,27,0,1,0,0,0,0,0,3,4,0,0,1,5,15,0,0,0,0,0,37,0,0,0,0,3,0,0,4,0,0,2,0,0,0,3,0,0,9,1,1,0,0,2,0,0,0,0,0,0,1,0,0,0,0,0,0,0,0,0,0,1,0,0,0,25,9,0,0,0,1,6,0,1,0,0,0,0,0,0,0,0,0,0,0,4,2,0,0,0,0,0,0,0,0,0,1,0,0,0,0,1,0,0,0,0,0,0,0,0
1,0,0,0,0,0,4,0,0,5,5,0,1,2,0,1,0,1,1,0,0,0,0,0,1,0,1,1,0,0,6,5,0,0,2,1,0,0,3,0,1,0,0,0,0,3,0,0,0,0,0,0,0,2,0,5,0,0,1,0,0,0,0,0,0,8,0,0,9,0,0,0,0,5,0,0,3,0,0,9,0,0,0,3,0,1,5,0,0,0,0,1,35,0,0,0,2,0,0,0,0,0,0,0,3,0,0,2,0,0,0,0,0,1,1,0,0,0,5,0,0,0,4,0,25,0,0,0,0,0,0,0,0,0,0,0,1,1,0,0,0,9,0,1,0,4,0,0,0,15,21,1,0,0,0,0,0,0,0,4,0,0,0,0,0,0,0,0,0,3,0,0,4,0,9,1,0,0,0,0,25,1,3,0,0,0,0,13,0,0,0,2,0,0,0,0,2,1,0,8,3,3,0,1,1,1,2,0,0,0,9,30,2,0,0,22,0,6,22,0,0,2,0,0,0,16,6,0,11,0,0,0,0,0,0,0,0,2,0,0,0,0,0,0,1,0,0,3,0,0,0,4,1,0,0,4,0,0,0,4,0,9,0,0,0,14,0,1,0,2,0,2,1,0,0,0,0,4,0,0,1,1,0,1,0,0,0,5,0,0,3,0,0,1,0,3,0,2,0,0,0,0,0,1,0,0,1,0,0,0,0,1,0,0,2,0,0,0,0,0,0,2,4,0,0,0,0,5,1,6,1,11,0,25,0,0,0,0,0,0,0,0,0,0,7,6,0,0,2,0,0,8,0,8,1,1,0,2,0,0,0,1,18,0,0,6,0,3,0,4,4,2,0,0,2,0,0,3,0,0,0,0,0,0,0,0,1,5,17,0,0,2,0,0,0,0,2,0,0,30,0,0,0,0,11,0,2,48,0,0,0,0,3,0,0,0,1,0,0,0,1,0,0,5,2,0,3,0,0,10,0,3,7,0,0,4,0,0,1,0,2,0,4,0,0,0,1,0,4,0,0,0,3,0,0,4,0,1,13,0,0,134,0,1,1,1,2,1,1,0,0,2,0,0,0,1,2,10,5,3,0,0,22,0,0,0,0,0,0,0,0,2,0,0,8,4,6,4,0,0,0,0,14,0,1,0,0,3,0,3,9,0,0,1,0,0,0,6,0,0,5,0,0,0,0,0,0,0,0,0,0,0,0,0,2,0,0,0,0,1,0,0,0,1,0,0,0,10,1,2,0,0,15,4,0,1,0,0,0,0,0,0,0,0,0,0,0,10,39,0,0,0,4,0,0,0,2,0,0,0,2,0,4,0,0,0,0,0,0,0,0,0
0,1,0,0,0,0,0,4,0,9,15,0,4,0,0,2,0,2,0,0,1,0,5,1,2,1,0,4,0,0,3,0,0,0,3,1,0,0,1,0,0,0,0,0,1,0,1,0,1,0,2,1,0,2,0,7,1,1,0,0,0,0,0,1,1,18,0,0,2,0,0,1,0,5,0,0,7,0,3,1,0,0,0,3,0,3,4,0,0,0,0,0,35,0,0,0,0,2,0,0,1,0,0,0,3,0,0,1,0,0,1,0,0,2,0,4,0,3,1,1,0,6,4,0,37,0,0,0,0,0,0,0,1,0,0,0,0,1,2,0,0,8,0,0,0,10,0,3,0,10,42,3,3,0,0,0,1,0,0,2,2,0,0,0,0,0,0,0,0,1,0,1,0,1,20,1,2,0,1,2,47,0,4,0,0,0,1,23,3,0,0,7,1,0,0,0,1,1,0,2,3,0,15,9,4,0,3,3,1,0,4,97,1,0,0,26,0,13,31,1,0,1,2,0,0,55,2,6,20,2,1,0,7,1,0,1,0,7,0,1,0,1,0,3,0,0,1,0,0,0,0,0,4,0,0,5,0,0,0,8,1,3,0,0,1,23,0,0,0,5,0,10,0,0,0,0,0,2,3,0,3,5,0,1,0,0,0,4,0,2,0,0,0,0,0,3,1,0,2,0,3,0,0,2,0,0,3,0,0,0,0,2,0,0,3,0,0,0,0,0,0,4,2,0,1,1,0,8,0,2,0,95,0,56,1,0,0,0,0,0,0,0,1,0,1,6,5,1,3,0,0,26,0,13,0,0,0,2,0,0,0,2,21,2,0,13,1,1,1,2,2,1,0,0,1,0,0,3,1,0,0,0,0,0,0,0,0,13,25,0,0,8,0,0,13,0,4,3,1,81,1,0,0,0,44,0,2,60,1,0,0,0,1,2,0,0,0,0,0,4,1,1,0,10,9,0,5,0,0,14,7,1,13,1,0,4,0,1,8,0,2,0,10,0,0,0,0,0,4,1,0,0,7,0,0,32,0,0,23,0,0,84,0,0,8,2,1,3,0,1,1,8,1,0,0,4,4,2,24,4,0,0,21,0,0,1,0,0,0,0,0,10,0,0,1,1,33,22,0,0,0,0,28,0,1,0,0,13,1,0,4,3,0,5,0,0,0,14,0,0,2,0,4,0,0,7,0,0,1,0,0,0,1,1,1,0,0,0,0,0,0,0,0,0,0,0,2,10,7,0,0,0,8,15,0,1,0,1,1,1,1,0,2,0,0,0,2,2,47,1,0,0,0,11,0,1,2,0,3,0,2,0,9,0,0,0,0,0,0,0,0,2
0,1,0,0,0,0,0,1,0,2,1,0,0,0,0,2,0,0,0,2,0,0,2,1,1,1,0,1,0,0,0,0,0,0,2,1,0,0,0,0,0,0,0,0,0,0,0,0,0,0,0,0,0,0,0,2,1,0,0,5,1,0,0,0,1,3,0,0,1,0,0,0,0,0,0,0,0,0,3,0,0,0,0,1,1,0,0,0,0,1,1,0,14,0,0,0,0,2,0,0,0,0,0,0,0,0,0,0,0,0,0,0,0,1,2,0,0,0,1,0,0,0,0,0,0,0,0,0,0,0,0,0,0,0,0,0,0,0,0,1,0,2,0,2,0,2,0,0,0,2,2,0,0,0,0,0,0,0,0,0,0,0,0,0,0,0,0,0,0,1,1,0,0,0,5,0,0,0,0,1,3,0,1,0,0,0,1,5,0,0,0,1,0,0,0,0,2,0,0,0,0,0,0,2,0,0,0,0,0,0,0,7,0,0,0,9,0,2,20,0,0,7,0,0,0,11,2,0,4,0,0,0,0,1,1,0,0,1,0,0,0,0,0,1,0,0,0,0,1,0,0,1,0,0,0,1,0,0,0,0,0,17,0,0,0,1,0,11,0,1,0,4,0,0,0,0,0,5,1,0,0,2,0,0,0,0,0,2,0,0,0,1,0,0,0,1,0,0,0,0,0,0,0,0,0,0,0,1,0,0,0,1,0,0,1,0,0,0,0,0,0,0,0,0,0,1,0,0,0,0,0,0,0,6,0,1,0,0,0,0,0,0,17,0,0,2,0,0,0,0,0,9,0,2,3,0,0,0,0,0,0,1,2,0,0,5,0,0,0,1,1,0,0,0,0,0,0,0,0,0,0,0,0,0,0,0,1,3,19,0,0,1,0,0,0,0,0,0,1,35,0,0,0,0,33,0,1,37,3,0,0,0,0,0,0,0,0,0,0,0,0,0,0,4,0,0,0,0,0,4,0,0,1,0,0,0,0,0,0,0,1,0,2,0,0,0,1,0,4,1,0,0,2,0,0,5,0,0,4,0,0,100,0,0,0,0,2,1,1,0,0,1,0,1,0,0,0,4,1,1,0,1,15,0,0,0,0,0,0,0,0,1,0,0,1,2,3,1,0,0,0,0,7,0,0,0,0,1,0,0,4,1,0,6,0,0,0,2,0,0,0,0,0,0,0,1,0,0,0,0,0,0,0,0,0,0,0,0,0,3,0,0,0,0,0,0,0,11,1,0,0,0,0,4,0,0,0,0,0,0,0,0,0,0,0,0,2,1,15,0,0,0,1,0,0,0,0,2,0,0,3,0,0,0,1,0,23,0,0,0,0,0
2,0,5,0,0,0,7,4,0,47,10,0,1,1,1,5,1,0,0,0,0,0,11,8,4,1,2,1,0,0,2,0,0,0,3,7,0,0,0,0,0,0,0,2,3,0,0,0,1,0,0,0,4,25,4,6,1,0,0,11,1,1,0,1,0,29,0,0,8,0,0,0,0,6,1,0,2,0,4,1,0,1,0,7,0,0,4,0,0,1,0,0,25,0,0,0,0,1,0,0,5,0,0,0,7,0,0,0,0,1,5,1,0,1,0,5,0,0,2,1,0,0,0,0,33,1,0,0,0,0,3,0,1,0,0,0,3,0,0,0,0,38,0,0,0,8,0,2,0,14,41,1,0,0,0,1,1,0,0,4,0,0,0,1,0,0,1,0,0,5,0,0,1,0,18,1,0,0,0,19,28,0,0,0,0,0,0,34,1,2,0,5,1,1,1,0,6,1,1,1,1,0,6,3,0,0,1,0,0,0,10,20,4,0,0,23,0,27,65,2,0,5,1,0,0,9,23,0,14,1,3,0,3,1,0,0,0,2,0,2,0,0,0,0,4,0,5,2,0,0,1,0,2,3,0,4,1,0,0,6,0,8,0,0,1,14,0,0,0,3,0,11,0,0,0,0,1,9,1,0,1,5,0,0,0,0,1,2,0,0,5,1,0,1,0,2,0,0,1,0,0,0,0,0,0,0,2,1,0,1,0,1,0,0,4,0,0,0,0,0,0,3,6,0,0,1,0,2,1,4,0,34,0,23,0,1,0,0,0,0,0,1,0,0,0,15,0,0,0,3,0,14,0,13,1,0,2,1,1,0,0,0,12,0,0,28,2,2,1,5,5,0,4,0,0,0,0,2,0,0,0,0,0,0,0,0,0,10,28,0,0,6,0,0,1,0,5,0,1,120,1,0,0,0,72,0,1,75,0,0,2,0,6,0,0,0,1,0,0,0,1,0,0,9,4,0,2,0,0,8,2,0,7,0,1,3,0,0,5,0,4,0,9,0,0,4,0,0,7,0,0,0,1,0,0,14,0,0,11,0,0,137,2,1,2,1,2,4,1,2,0,8,0,0,0,0,6,6,11,5,0,0,46,0,0,0,0,0,0,0,0,2,0,0,2,4,15,1,0,1,0,0,35,0,1,0,4,7,0,0,5,3,1,1,1,0,0,15,0,0,2,0,1,0,0,4,0,1,1,0,0,0,1,1,5,0,0,2,0,8,0,0,0,1,0,0,0,13,5,1,0,0,6,16,0,2,0,0,0,0,1,0,0,0,0,0,2,15,62,1,0,2,2,7,0,0,0,1,0,0,0,0,5,1,1,0,0,1,0,0,0,0
0,0,0,0,0,0,3,4,15,0,2,0,1,2,1,1,0,0,0,0,0,2,0,2,0,1,0,0,0,0,2,0,0,0,1,2,0,0,1,1,0,0,0,3,14,0,2,0,0,0,4,1,0,6,1,4,4,0,0,0,0,0,0,0,0,33,0,0,0,0,0,0,0,14,0,0,1,0,0,1,0,0,0,4,0,0,6,0,0,0,0,1,48,0,0,0,0,0,0,0,5,0,1,0,2,0,0,0,0,0,1,1,0,0,5,2,0,1,0,0,1,1,10,1,31,0,1,0,0,0,2,0,0,0,1,1,1,1,0,3,0,8,0,0,1,18,0,6,0,5,33,2,0,0,0,0,0,0,0,2,2,0,1,0,0,0,1,1,0,0,0,0,1,0,87,0,0,1,0,4,21,0,4,2,0,0,0,31,0,1,0,17,0,0,0,0,1,1,0,0,0,2,0,29,0,0,0,0,1,0,10,90,3,1,0,31,0,2,57,3,0,12,0,2,0,23,12,0,1,1,1,0,16,1,0,0,0,3,0,1,0,0,0,0,0,0,1,3,0,0,0,2,2,1,0,14,0,2,0,8,1,0,0,0,0,31,0,0,0,2,0,12,0,0,0,0,1,5,3,0,0,25,0,12,0,0,0,5,1,2,0,0,0,0,0,3,0,1,1,0,1,0,0,1,0,0,2,0,0,0,0,1,0,4,4,0,0,0,0,0,0,6,4,0,2,1,0,1,0,0,4,7,0,14,0,1,0,0,0,0,0,0,0,0,0,5,0,0,0,4,0,8,0,14,0,0,1,9,2,0,0,2,10,0,0,31,2,1,1,1,1,0,1,0,1,1,0,1,0,2,0,0,1,0,0,0,0,9,17,0,0,10,0,0,51,0,1,0,0,68,0,0,0,0,32,0,1,50,6,0,1,0,1,1,2,2,0,0,0,0,2,0,0,8,26,0,4,0,0,13,4,0,11,0,0,3,1,0,2,0,6,0,2,0,1,4,0,0,4,3,1,1,0,0,0,2,0,0,52,0,0,1,1,0,1,3,7,5,0,3,0,3,0,1,0,2,1,6,11,4,0,1,109,0,1,0,0,0,0,0,0,6,0,4,0,5,16,4,0,0,0,0,32,1,4,0,0,7,0,0,14,7,0,18,1,0,0,14,0,0,1,0,0,0,0,7,0,0,1,0,1,0,0,0,0,0,0,0,0,0,0,0,0,0,1,0,0,31,25,0,0,1,1,10,0,1,4,0,0,0,0,0,0,0,0,0,0,5,69,1,0,0,0,4,0,4,0,0,1,2,1,0,1,0,6,0,0,0,0,0,0,1
0,0,0,0,0,0,0,6,0,10,1,0,0,0,0,0,0,0,0,0,0,0,0,0,0,0,0,1,0,0,0,0,0,0,1,1,0,0,0,0,0,0,0,0,1,0,0,0,0,0,0,0,0,4,0,1,1,0,0,0,0,0,0,0,0,5,0,0,2,0,0,0,0,3,0,0,0,0,2,1,0,1,0,0,0,0,1,0,0,0,1,1,70,0,0,0,0,0,0,0,0,0,1,0,1,0,0,0,0,0,0,0,1,0,2,0,0,0,0,1,0,0,1,0,7,0,0,0,0,0,0,0,0,0,2,0,2,1,0,0,0,12,0,0,0,3,0,0,0,5,2,0,0,0,0,0,0,0,0,0,0,0,0,2,0,0,0,0,0,0,0,0,0,0,15,0,0,0,0,1,7,0,0,0,0,0,0,4,0,0,0,4,0,0,0,0,0,1,0,1,0,0,1,4,1,0,1,0,0,0,3,6,1,0,0,8,1,1,16,0,0,2,0,0,0,73,72,1,0,0,0,0,3,0,0,0,0,1,0,0,0,0,0,0,0,0,0,0,0,0,0,0,0,0,0,0,0,0,0,10,0,1,0,0,0,20,0,0,0,0,0,0,0,0,0,0,1,5,1,0,2,1,0,0,0,0,0,2,0,0,1,0,0,0,0,0,0,1,1,0,0,0,0,0,0,0,0,0,0,0,0,0,0,0,3,0,0,0,1,0,0,0,0,0,0,0,0,2,0,0,0,699,0,11,0,1,0,0,0,1,0,0,0,0,0,3,0,0,0,1,0,7,0,1,2,0,0,0,0,0,0,1,1,0,0,0,0,0,0,1,1,0,0,0,0,0,0,0,0,0,0,0,0,0,0,0,1,2,8,0,0,0,0,0,2,0,0,0,0,25,0,0,0,0,28,0,3,21,0,0,0,0,0,0,0,0,0,0,0,0,0,0,0,1,0,0,2,0,0,1,1,0,2,0,1,4,0,0,0,0,0,0,1,0,0,2,0,0,1,1,0,0,4,0,0,4,0,0,4,0,0,63,0,0,3,1,0,3,0,0,0,0,0,0,0,0,2,2,0,1,0,0,135,0,0,0,1,0,0,0,0,3,0,0,0,13,9,0,0,0,0,0,18,0,0,0,0,2,0,0,0,0,0,2,0,0,0,5,0,0,2,0,0,0,0,1,0,0,0,0,0,0,0,0,0,0,0,0,0,0,0,0,0,0,0,0,0,28,20,0,0,0,2,3,0,0,0,2,2,2,2,0,0,0,0,0,0,0,1,0,0,0,0,1,0,0,0,0,2,0,0,0,0,0,1,0,0,0,0,0,0,2
0,0,0,0,0,0,0,2,6,1,0,0,0,1,0,2,0,1,0,2,0,1,1,2,1,2,0,0,0,0,1,0,0,0,0,4,0,0,0,0,0,0,1,0,1,3,0,0,0,0,0,0,0,9,0,2,2,0,0,0,0,0,1,0,1,4,0,0,0,0,0,0,0,4,1,0,0,0,1,0,0,1,0,0,0,0,0,0,4,0,1,1,2,1,1,0,0,0,1,0,0,0,0,0,2,0,0,0,0,0,0,0,1,0,7,1,0,0,2,2,0,0,4,0,5,0,0,0,0,0,0,0,0,0,0,0,0,0,0,0,0,6,0,0,0,2,0,1,0,1,2,0,0,0,0,0,0,0,0,0,0,0,0,0,0,0,0,0,0,3,0,0,0,0,1,0,0,1,0,2,4,0,0,0,0,0,0,8,0,0,0,0,0,0,0,0,0,1,0,1,0,0,2,1,0,0,0,0,0,0,0,15,1,0,1,8,0,1,5,0,0,9,0,0,0,0,0,0,3,0,0,0,2,0,0,0,0,4,0,0,0,0,0,1,0,2,1,0,1,1,0,0,0,0,0,0,0,0,0,1,0,0,1,0,0,0,0,0,0,0,0,0,8,0,0,1,0,2,0,0,1,0,1,0,0,0,0,1,1,0,0,0,0,0,0,1,0,0,0,0,0,0,0,0,0,0,0,0,0,0,0,0,0,1,1,0,0,1,2,0,1,1,2,0,0,0,0,0,0,0,0,3,0,4,0,0,0,0,0,0,1,0,1,0,0,2,0,0,2,0,0,5,0,2,5,0,1,0,0,0,0,2,0,0,0,5,0,0,0,0,0,0,0,0,0,0,0,1,3,0,2,0,0,0,10,0,1,0,18,0,0,0,0,0,0,0,1,0,1,24,0,0,0,0,12,0,1,9,0,0,0,0,3,0,0,0,0,2,0,0,0,0,0,2,0,0,3,0,0,2,2,1,3,0,0,0,0,0,1,0,1,0,1,0,0,1,0,0,1,0,0,0,0,0,0,1,0,0,3,0,1,0,0,0,1,1,0,0,4,1,0,1,0,3,0,0,4,0,0,3,0,0,21,0,0,0,0,0,0,0,0,1,0,0,1,11,12,0,0,0,0,0,15,0,0,0,1,2,0,0,22,0,0,2,0,0,0,1,0,0,0,1,0,0,0,1,0,4,0,0,0,0,1,0,0,0,0,0,0,0,0,0,0,0,0,0,0,12,3,0,0,0,0,4,0,0,0,0,0,0,0,0,0,0,0,1,0,2,0,0,0,1,0,0,0,0,0,0,4,0,0,0,0,2,0,0,2,0,0,0,0,0
0,0,0,0,0,0,1,1,2,0,6,0,0,0,0,2,0,0,0,0,2,0,0,0,0,2,0,0,0,0,0,0,0,0,0,2,0,0,1,0,0,1,1,0,0,0,0,0,0,0,0,1,0,14,1,0,0,1,3,1,0,0,0,0,1,10,0,0,0,0,0,0,0,2,0,0,0,0,0,0,0,0,0,0,0,0,1,0,0,0,0,1,11,2,0,0,0,0,0,0,0,0,0,0,0,0,0,0,0,0,0,0,0,0,0,0,0,0,1,0,0,0,1,0,7,0,0,0,0,0,0,0,0,1,1,0,1,1,0,0,0,9,0,0,2,1,0,2,0,7,7,1,0,0,0,0,0,0,0,0,0,0,0,0,0,0,1,0,0,1,0,0,0,0,13,0,0,0,0,0,5,0,0,0,0,0,0,10,0,0,0,1,0,3,0,0,0,0,0,1,0,0,0,2,0,0,1,0,0,0,3,17,4,0,0,12,0,2,17,0,0,1,1,0,0,2,2,0,1,1,2,0,2,0,0,0,0,2,0,1,0,0,1,0,0,0,0,2,0,0,0,0,1,0,0,7,0,0,0,2,0,0,0,0,1,9,0,0,0,1,1,1,0,0,0,0,0,7,3,1,1,5,0,0,0,0,0,1,0,0,0,0,0,0,1,2,0,0,1,2,2,0,0,0,0,0,0,2,0,0,0,0,0,1,2,0,0,0,0,0,0,0,0,0,0,1,0,0,0,0,0,2,0,7,0,1,0,0,0,0,0,4,0,0,1,3,0,0,0,0,0,2,0,0,0,0,0,0,0,0,0,0,3,1,1,12,0,1,0,3,3,0,0,1,0,0,0,0,2,2,0,0,0,0,0,0,1,1,27,0,0,2,0,0,0,0,4,0,0,55,0,1,0,0,25,0,2,27,1,0,0,0,0,0,0,0,1,0,0,0,0,0,0,2,1,0,1,0,0,1,2,1,16,0,0,2,0,0,1,0,3,0,1,0,1,0,0,0,0,0,0,0,0,0,0,0,0,0,18,0,1,0,0,0,1,1,0,1,0,0,0,0,0,0,0,0,4,1,1,1,0,0,60,0,0,0,0,0,0,0,1,2,0,0,2,0,14,1,0,0,0,0,35,0,0,0,0,14,0,2,4,0,0,22,0,0,0,2,0,0,0,0,0,0,0,1,0,0,1,0,0,0,0,0,0,0,0,0,0,0,0,0,0,0,0,0,0,10,4,0,0,0,8,6,0,1,0,0,0,0,0,0,1,0,0,0,0,5,10,0,0,0,1,1,0,0,0,0,0,0,0,0,0,0,0,0,0,0,0,0,0,1
0,0,0,0,0,0,0,8,0,0,2,0,0,0,0,0,0,0,0,0,0,0,1,0,0,0,0,0,0,0,0,0,0,0,2,0,0,0,0,0,0,0,0,0,0,0,0,0,0,0,1,0,0,6,0,1,2,0,0,0,0,0,0,0,0,5,0,0,0,0,0,0,0,1,0,0,0,0,0,0,0,0,0,0,0,0,1,0,0,0,0,1,1,0,0,0,0,1,0,1,0,0,0,0,2,0,0,0,0,0,0,0,1,0,0,1,0,0,0,0,0,0,4,0,4,0,0,0,0,0,0,0,0,0,0,0,0,0,0,0,0,6,0,0,0,0,0,0,0,7,3,1,0,0,0,0,0,0,0,0,0,0,0,0,1,0,0,0,0,0,0,1,0,0,2,0,0,0,0,2,2,0,0,0,0,0,0,14,0,0,1,6,0,0,0,0,0,0,0,0,0,2,3,2,0,0,0,0,0,0,3,17,1,0,0,9,1,4,16,2,0,1,0,0,0,4,0,0,2,0,0,0,0,0,0,0,0,2,0,0,1,0,0,0,0,0,0,3,0,0,0,0,0,1,0,2,0,0,0,2,1,0,0,0,0,3,0,0,0,1,0,2,0,0,0,0,0,5,1,0,0,5,0,3,0,0,0,0,0,0,0,0,0,0,0,0,0,0,1,0,0,0,0,0,0,0,0,0,0,0,0,0,0,0,1,1,0,0,1,0,0,1,0,0,1,0,0,0,0,0,0,3,0,3,0,0,0,0,0,0,0,0,0,0,1,1,0,0,0,0,0,4,0,4,0,0,0,0,0,0,0,0,1,0,0,10,0,2,0,1,1,0,0,0,0,0,0,1,1,0,0,0,0,0,0,0,1,1,34,0,0,0,0,0,0,0,1,0,0,43,0,0,0,0,34,0,0,21,0,0,0,0,0,0,0,0,0,0,0,0,1,0,0,0,0,0,2,0,0,4,0,0,3,0,0,1,0,0,1,0,1,0,2,0,0,0,0,0,7,1,0,0,1,0,0,2,0,0,3,0,0,92,0,0,1,1,0,0,0,0,0,2,0,0,0,0,0,4,1,0,0,0,16,0,0,1,0,0,0,0,0,0,0,3,0,0,10,2,0,0,0,0,15,1,0,0,0,1,1,0,5,0,0,4,0,0,0,2,0,0,0,0,0,0,0,3,0,2,0,0,0,0,1,0,1,0,0,0,0,0,0,0,0,1,0,0,0,8,11,1,0,0,3,8,0,0,0,0,0,0,0,0,0,0,0,0,0,6,4,0,0,0,0,2,0,0,0,0,0,0,1,0,0,0,1,0,0,0,0,0,0,0
0,0,0,0,0,0,0,6,0,0,4,0,0,2,1,3,0,0,0,0,0,1,0,0,0,0,0,0,0,0,0,0,0,0,0,1,0,0,0,1,0,0,1,0,0,0,0,0,0,0,0,0,5,11,0,2,1,0,0,0,0,1,0,0,1,12,0,0,0,0,0,0,0,1,0,0,1,0,0,2,0,0,0,0,0,0,0,1,0,0,0,0,7,1,0,0,0,0,0,0,0,0,0,0,1,0,0,0,0,0,0,0,0,2,1,5,0,0,0,0,0,1,4,0,18,0,0,1,0,0,1,0,0,0,0,0,2,1,1,0,0,7,0,0,0,1,0,2,0,3,5,0,0,0,0,0,0,0,0,0,0,0,0,0,2,0,0,0,0,3,0,0,2,0,18,2,0,0,0,0,2,0,2,0,0,0,0,13,0,0,0,4,0,0,1,0,2,1,0,0,0,0,1,0,0,0,1,0,0,0,4,25,1,0,0,23,0,6,13,0,0,1,2,1,0,45,2,0,1,1,0,0,3,0,0,0,0,2,1,0,0,0,0,0,0,0,0,0,0,0,0,1,3,0,0,2,0,0,0,6,0,1,0,0,0,13,0,0,0,3,0,4,0,0,0,0,0,4,1,0,0,7,0,0,0,0,0,1,0,2,0,0,0,0,0,1,0,0,0,1,0,0,0,0,0,0,1,0,0,0,0,1,0,0,1,0,1,0,0,0,0,0,0,0,0,1,0,1,0,0,0,3,0,9,0,0,0,0,0,0,1,0,0,0,1,4,0,0,0,2,0,6,0,5,0,0,0,1,0,0,0,0,0,0,2,7,0,1,1,1,1,0,0,0,0,0,0,1,0,0,0,0,0,0,0,0,0,3,24,0,0,1,0,0,0,0,7,1,0,63,0,0,0,0,35,0,1,27,0,4,2,10,0,0,0,0,2,2,0,0,1,0,0,2,1,0,1,0,0,4,1,1,7,0,0,1,1,0,0,0,1,0,4,0,0,0,0,0,3,0,0,1,0,0,0,1,0,0,6,0,0,0,0,0,2,0,1,2,0,5,0,0,0,8,0,0,3,0,2,2,0,0,28,0,0,0,1,0,0,0,1,0,0,0,1,3,17,0,0,0,0,0,44,0,0,0,0,5,1,0,9,0,0,1,0,0,0,3,0,0,2,0,0,0,0,1,0,1,0,0,0,0,0,0,0,0,0,0,0,0,0,0,0,4,0,0,0,8,8,0,0,0,5,11,0,0,0,0,0,0,0,0,0,0,0,0,0,5,9,0,0,0,0,0,0,0,0,1,6,0,0,0,0,0,0,0,0,0,0,0,0,0
1,3,1,1,0,0,0,2,4,2,0,0,1,0,1,1,0,0,0,0,0,1,0,1,0,0,0,0,0,0,2,0,0,0,0,1,1,0,0,0,0,0,2,0,0,0,0,0,0,0,1,0,0,4,3,1,1,0,0,1,0,0,0,0,0,6,0,0,0,0,0,0,0,0,0,0,4,0,0,0,0,0,1,1,0,0,2,0,0,0,1,0,47,0,0,1,1,0,0,2,0,0,0,0,3,0,0,0,0,0,0,0,2,0,1,2,0,0,0,3,0,2,0,0,3,0,0,0,0,0,0,0,1,1,0,0,0,3,0,1,0,6,0,0,0,3,0,2,0,2,7,3,0,0,0,0,1,0,0,0,0,1,0,0,0,0,1,0,0,2,0,1,4,0,14,1,0,0,0,0,4,0,0,0,0,0,0,8,0,1,0,1,0,1,1,0,4,0,0,1,1,3,0,3,2,0,7,0,0,0,8,29,0,0,0,15,1,5,26,2,0,7,1,0,0,29,3,0,4,0,1,0,0,0,0,0,0,1,0,1,0,0,0,0,0,0,0,1,1,0,0,1,2,0,0,7,4,0,0,8,0,0,0,0,0,24,0,0,0,1,0,6,0,0,0,1,0,9,2,0,0,1,0,0,0,0,0,1,0,0,0,0,0,0,0,3,0,0,0,0,0,0,0,0,0,0,0,0,0,0,0,0,0,1,4,0,0,0,0,0,0,1,1,0,0,1,0,2,0,0,4,3,2,8,0,0,0,0,0,0,0,1,0,0,0,1,0,0,2,3,0,5,0,6,0,0,0,1,0,0,0,0,0,1,0,9,0,0,0,0,0,0,0,0,0,0,0,0,0,1,0,0,0,0,0,0,0,7,14,0,0,3,0,0,3,0,3,6,0,46,0,0,0,0,19,0,3,15,1,0,0,0,0,1,0,0,1,0,0,0,1,0,0,2,0,1,0,0,0,5,1,1,4,0,0,2,1,0,0,0,2,0,3,0,0,0,0,0,3,1,0,1,0,0,0,1,0,0,4,0,0,82,0,0,1,2,1,2,3,0,0,3,0,3,0,0,6,0,6,0,0,0,41,0,0,0,0,0,0,0,0,2,0,1,1,0,7,1,0,0,0,0,29,0,0,0,0,8,0,0,13,0,0,10,0,0,0,12,0,0,8,0,0,0,0,1,0,0,2,0,0,0,0,0,1,0,0,0,0,0,0,0,0,2,0,0,0,21,3,0,0,0,1,12,0,0,0,0,0,0,0,0,0,0,0,0,0,14,24,0,0,0,0,0,0,0,0,0,4,0,0,0,1,1,0,0,0,0,0,0,1,0
