user,total_messages,aura,total_words,most_common_word_1,most_common_word_2,most_common_word_3,total_streams,longest_streak,first_message_date,first_message_text,last_message_date,last_message_text,achivments,words_result
07moki,801,23823.0,5672,xqc32,speed1,wideSpeedLaugh3,22,3,2024-12-30 14:26:32+01:00,I'm ready to get big surprised,2025-03-21 20:31:37+01:00,@banties_x,"[0, 0, 0, 0, 0]","['xqc32', 2035, 'speed1', 525, 'wideSpeedLaugh3', 219]"
0buddha,2237,124467.0,9024,the,you,a,110,12,2024-08-06 17:22:10+02:00,Dororo,2025-03-26 20:27:01+01:00,Pffttt,"[1, 1, 0, 0, 0]","['LOL', 101, 'omE', 37, 'ome44', 33]"
1206paul_,20860,462839.0,110845,ome44,the,FEIN,268,168,2024-05-01 17:12:43+02:00,go and find some friends ICANT,2025-03-26 21:01:57+01:00,AwHellNah,"[1, 1, 1, 1, 0]","['ome44', 3980, 'LETSGO', 995, 'WW', 693]"
1SKELTON,2944,64185.5,9145,the,i,you,57,9,2024-05-09 17:52:28+02:00,SKELTON_19 subscribed at Tier 1. They've subscribed for 12 months! omg a year SLAY,2025-03-10 17:17:58+01:00,"@banties_x reallyyyy? LETSGO that makes me happy, hope you enjoy it!","[1, 0, 0, 0, 0]","['omE', 84, 'RIRI', 60, 'VibePls', 49]"
1o1m4n,881,85342.0,2925,is,you,hi,77,17,2024-10-29 16:50:05+01:00,song is üî•,2025-03-24 17:31:13+01:00,hi guys,"[0, 1, 0, 0, 1]","['hi', 51, '!play', 43, 'Paul', 10]"
1rabo,1236,53636.0,5263,ome44,the,FEIN,44,9,2024-05-02 18:45:49+02:00,yes,2024-10-23 15:36:02+02:00,ome44,"[0, 0, 0, 0, 0]","['ome44', 135, 'LOL', 50, 'EZ', 21]"
28_Jay,762,53994.0,2450,the,is,it,43,12,2024-05-31 17:23:48+02:00,Hello,2024-09-14 17:56:57+02:00,gg,"[1, 0, 0, 0, 0]","['omEE', 20, 'AINTNOWAY', 18, 'Pffttt', 14]"
55Dash,2954,129491.0,11955,ome44,FEIN,i,126,13,2024-05-02 19:51:34+02:00,did you finally win a comp game?,2025-03-26 19:11:39+01:00,ome44,"[1, 1, 0, 1, 0]","['ome44', 997, 'WIDEALERT', 131, 'OMEGALUL', 78]"
6ridge,868,51027.0,4554,you,the,is,43,7,2024-08-21 17:07:13+02:00,"hi, I saw you on youtube talking about a toy that looked like a lamp",2025-01-11 14:51:34+01:00,you're def afraid of spiders,"[1, 1, 0, 0, 0]","['LOL', 70, 'Sadding', 57, 'HEHE', 32]"
ACEiCLE,675,-28222.0,6939,speed1,Û†ÄÄ,uuh,5,2,2025-01-31 16:58:50+01:00,LOL,2025-03-20 22:01:10+01:00,!bedrooms,"[0, 0, 0, 0, 0]","['speed1', 5998, 'uuh', 85, '!boost', 85]"
ASSpaperman,1640,25033.0,6654,speed1,u,i,33,11,2025-02-04 15:40:46+01:00,@dorozea privet hello hey ya,2025-03-26 19:34:44+01:00,chill game more fun,"[0, 0, 0, 0, 0]","['speed1', 258, 'ome44', 51, 'STREAMER', 44]"
Abraxas47_,2526,22269.0,7223,speed1,FLASHBANG,LOL,16,9,2025-02-26 18:00:48+01:00,:(,2025-03-25 19:30:37+01:00,peepoLeave,"[0, 0, 0, 0, 1]","['speed1', 827, 'FLASHBANG', 285, 'LOL', 205]"
Adevogado__33,819,16042.0,3468,speed1,ome32,16,10,10,2025-03-16 15:15:37+01:00,hi hi,2025-03-26 21:11:53+01:00,bye zorodea,"[0, 0, 0, 0, 0]","['speed1', 739, 'ome32', 123, 'speed21', 80]"
Aloddin,5939,282940.0,34455,FEET,I,mhm,244,34,2024-05-01 17:04:22+02:00,yup,2025-03-26 18:19:01+01:00,Yo,"[1, 1, 0, 1, 1]","['mhm', 829, 'o7', 240, 'GIGACHAIR', 232]"
Aluminiumminimumimmunity,8662,411988.0,27558,FEIN,ome44,widetime,263,132,2024-05-12 01:04:40+02:00,lirikWavy,2025-03-26 21:12:27+01:00,bye bye,"[1, 1, 1, 0, 0]","['ome44', 3237, 'widetime', 917, 'bye', 618]"
AnAnonymousGifter,979,207579.0,9792,1,Tier,to,64,7,2024-05-16 19:57:51+02:00,An anonymous user gifted a Tier 1 sub to asd_urmom!  ,2025-03-23 16:12:20+01:00,An anonymous user gifted a Tier 3 sub to yddrevenge!  ,"[1, 0, 0, 0, 0]",[]
Andrelele4,1378,87189.0,3572,the,a,LOL,78,8,2024-11-18 16:01:33+01:00,HeyGuys,2025-03-25 16:24:51+01:00,FULL CONTROL,"[0, 1, 0, 1, 0]","['LOL', 47, 'OOOO', 42, 'mhm', 42]"
Aten369,740,18665.0,1818,NOWAYING,gg,BANGER,14,3,2025-01-20 15:43:32+01:00,"hiii came from yt shorts, have a nice stream happi",2025-03-20 19:35:11+01:00,this is good,"[0, 0, 0, 0, 0]","['NOWAYING', 45, 'gg', 42, 'BANGER', 29]"
CanuckFTW420,513,-26787.0,1794,the,a,buh,21,2,2024-12-04 16:54:33+01:00,@uuccugr ty for the gifted sub dorozeaLOVE dorozeaLOVE dorozeaPog,2025-03-17 16:23:58+01:00,aga means waga,"[0, 1, 0, 0, 0]","['buh', 20, 'mhm', 12, 'AREYOUAGIRL', 11]"
Casanovaa,4023,96389.0,20076,you,I,the,86,5,2024-07-03 16:55:37+02:00,PotFriend You can beat this boss if you get his hp to 0%,2025-03-24 16:42:31+01:00,sup rodrigo,"[1, 1, 0, 0, 0]","['OOOO', 99, 'LOL', 89, 'arnoldHalt', 50]"
CrazeE420xd,20395,242805.5,74704,ome44,FEIN,speed1,114,17,2024-07-19 15:17:19+02:00,Wassup unc,2025-03-26 21:12:26+01:00,bye auntie,"[1, 1, 0, 0, 0]","['ome44', 4005, 'speed1', 2161, 'xqc32', 1047]"
Cuhhsin,2029,154938.0,9537,the,u,is,143,27,2024-05-26 14:19:05+02:00,Aware,2025-03-26 15:20:43+01:00,hiii doro,"[1, 1, 0, 0, 1]","['omE', 109, 'mhm', 93, 'Xd', 56]"
Curiosity011,1580,37030.0,3276,ome44,LOL,OOOO,30,6,2024-12-31 21:10:02+01:00,Hello,2025-03-04 19:12:04+01:00,ayoo,"[0, 0, 0, 0, 0]","['ome44', 168, 'LOL', 130, 'OOOO', 84]"
DOROZEA_LOVER,1815,28934.0,8470,speed1,DORO,ome44,17,16,2025-02-25 16:22:17+01:00,DOROZEA_LOVER subscribed at Tier 1. ,2025-03-23 17:59:19+01:00,Plan on steam @dorozea,"[0, 0, 0, 0, 1]","['speed1', 1090, 'ome44', 465, 'Joel', 448]"
DafiMihai,927,42376.0,4924,ome99,FEIN,LUL,34,7,2024-09-13 23:51:09+02:00,"uuuu got gifted dorozeaPog Hello Chat, hello Doro dorozeaHELLO dorozeaHELLO",2025-02-26 17:28:40+01:00,@stan_iv4 hiii,"[1, 0, 0, 0, 0]","['ome99', 288, 'hiii', 70, 'hi', 17]"
Der_Stoppi_,1176,21621.5,5905,speed1,Joel,BANGER,14,7,2025-03-05 15:17:05+01:00,hi,2025-03-23 18:52:01+01:00,qq Doro qq Chat,"[0, 0, 0, 0, 1]","['speed1', 382, 'Joel', 299, 'BANGER', 279]"
Dmoz1,788,24090.0,3169,is,the,u,20,3,2024-05-10 17:28:46+02:00,Mexico,2025-02-18 20:43:50+01:00,"Holy shit i used to watch u when u had 200 viewers, good to see u come up @dorozea :0","[1, 0, 0, 0, 0]","['!play', 15, 'catJAM', 5, 'nt', 4]"
Drakesfjord,645,50887.0,2319,the,is,a,45,5,2024-05-27 17:11:17+02:00,wtf,2025-03-17 15:17:37+01:00,touched grass @dorozea,"[1, 0, 0, 0, 0]","['paul', 34, 'hiii', 19, 'Clueless', 11]"
DreadfulPhD,966,79713.0,2787,omE,bye,the,71,18,2024-07-20 19:21:35+02:00,just lock the camera onto you,2025-03-09 18:27:49+01:00,focus!,"[1, 1, 0, 1, 0]","['omE', 108, 'bye', 48, 'Sadge', 33]"
Drizzie3S,3646,85734.0,15704,FEIN,ome44,ome96,66,19,2024-09-17 14:00:46+02:00,any hot single kittens in this chat,2025-03-19 22:24:27+01:00,Smurfing,"[0, 0, 0, 0, 0]","['ome44', 690, 'ome96', 243, 'ome99', 205]"
EclipsedWeb,829,9995.0,3448,you,the,to,7,2,2024-06-14 14:54:56+02:00,RIPBOZO,2025-03-02 21:26:51+01:00,Sadge,"[0, 0, 0, 0, 0]","['nt', 68, 'NODDERS', 35, 'YEP', 28]"
EnthrallPain,589,16973.0,3359,PepeLaugh,the,you,11,5,2024-05-25 19:00:26+02:00,This speedrun is invalid please restart :),2024-09-03 19:59:24+02:00,If you put ice behind your fan it's a mini ac Kappa,"[0, 0, 1, 0, 0]","['PepeLaugh', 151, 'OMEGALUL', 45, 'Clueless', 45]"
ErPardi,573,41133.0,2820,the,is,i,34,6,2024-06-24 14:41:53+02:00,hello chat,2025-03-15 04:15:22+01:00,1 viewer cs2,"[0, 0, 0, 0, 0]","['!play', 8, 'WW', 6, 'ok', 5]"
Exerpas,633,49817.0,2201,I,LOL,is,45,4,2024-05-02 17:31:23+02:00,WHAT is this cosplay of casper the ghost,2025-03-10 18:03:58+01:00,omeStare,"[0, 1, 0, 0, 0]","['LOL', 48, 'ome44', 27, 'mhm', 25]"
Eyght,517,88638.0,2289,the,a,is,83,5,2024-05-03 22:22:30+02:00,Pretend that you're allowed to stream it.,2025-03-24 18:11:23+01:00,gbbDead gbbDead gbbDead gbbDead gbbDead gbbDead gbbDead,"[1, 1, 0, 0, 0]","['!play', 2, 'ratio', 2, 'OOOO', 2]"
Flashet67,1157,31357.0,4036,you,is,?,22,8,2024-08-01 17:10:17+02:00,Hi there I'm new !,2025-02-19 18:11:00+01:00,Imma win,"[0, 0, 0, 0, 0]","['Paul', 15, 'Dorozea', 9, 'CS2', 8]"
Footstep_,1558,134359.0,5826,I,CaitThinking,you,121,10,2024-06-22 15:01:35+02:00,ome5,2025-03-26 20:45:00+01:00,@JBIN2036  elisWave,"[1, 1, 0, 0, 1]","['WW', 59, 'GOONING', 55, 'LOL', 40]"
Fossabot,5251,422031.0,47512,English,Only,[warning],203,203,2024-07-26 15:04:33+02:00,"@BERAT612850, Blocked language detected [warning]",2025-03-26 20:34:26+01:00,"@blin4ik_18, English Only In Chat so mods can moderate better!  [warning]","[1, 1, 1, 1, 1]","['mods', 3647, 'Chatting', 29, 'Joel', 2]"
FrostSnail,847,102121.0,3267,LUL,the,AREYOUAGIRL,96,6,2024-05-06 17:21:33+02:00,AREYOUAGIRL AREYOUAGIRL AREYOUAGIRL AREYOUAGIRL AREYOUAGIRL,2025-03-26 19:33:37+01:00,hahha,"[1, 1, 0, 0, 0]","['AREYOUAGIRL', 86, ':0', 36, 'o7', 35]"
GMV8,540,115106.0,1174,lul,LUL,Cheer1000,56,7,2024-10-05 18:40:28+02:00,DinoDance GoatEmotey GriddyGoose,2025-03-21 20:08:56+01:00,lul,"[0, 1, 0, 0, 0]","['!play', 7, 'ok', 2, 'bruv', 1]"
Georgie1471,2904,67947.0,7072,ome44,LOL,the,73,13,2024-11-04 16:24:17+01:00,uuh,2025-03-25 18:43:06+01:00,ome44,"[0, 1, 0, 1, 1]","['ome44', 334, 'LOL', 194, 'o7', 98]"
Ghazsi,520,50736.0,2833,you,is,to,45,5,2024-06-18 15:45:45+02:00,a bit too greedy,2025-01-26 15:39:15+01:00,you care about your mods and big oilers no?,"[1, 0, 0, 0, 0]","['Sadge', 4, 'D:', 3, 'KEKW', 3]"
Greksallad,1281,55245.0,6999,the,a,is,47,8,2024-06-17 20:45:55+02:00,How's it going,2025-02-23 17:08:38+01:00,You kinda look like Lizzy Caplan,"[1, 1, 0, 0, 0]","['paul', 14, 'WW', 6, 'goat', 4]"
Grumsee,613,120849.0,2335,you,I,a,113,8,2024-05-01 17:21:54+02:00,Yoyo,2025-03-01 19:40:32+01:00,e needs lvl 10,"[1, 1, 1, 0, 0]","['!play', 51, '!boost', 5, 'raid', 5]"
HansoloSupremo,1743,125077.0,11648,you,a,the,106,17,2024-05-06 20:42:01+02:00,dont take this the wrong way but you are litterally drop dead gorgeous. like so pretty that I couldnt not comment about it. sorry for being weird,2025-03-20 17:30:58+01:00,who?,"[1, 1, 0, 1, 0]","['!play', 40, 'paul', 26, 'LULW', 14]"
HippoBippo_,1199,118254.0,4755,you,the,a,109,9,2024-05-09 17:14:57+02:00,catDespair,2025-03-25 18:45:11+01:00,the porsche Kreygasm,"[1, 1, 1, 0, 0]","['qq', 37, 'bye', 30, 'HUH', 28]"
HoneyKick,3209,5130.0,20411,speed1,Smurfing,xar2EDM,51,15,2025-01-14 16:23:14+01:00,Aware this games turns 10 this year btw...,2025-03-26 20:26:56+01:00,I bought 10,"[0, 0, 0, 0, 0]","['speed1', 6888, 'xar2EDM', 344, 'WideRaveTime', 225]"
Hueqi,4360,106237.0,10983,druskiDance,nyanPls,speed1,140,13,2024-05-09 21:38:20+02:00,buh,2025-03-26 19:51:37+01:00,@pnqkman fsmDespair,"[1, 1, 0, 1, 0]","['nyanPls', 202, 'speed1', 184, 'OOOO', 145]"
IRLKingsman,792,146288.0,4847,the,you,a,96,47,2024-05-11 20:35:42+02:00,IRLKingsman subscribed with Prime. ,2025-03-26 15:17:27+01:00,IRLKingsman subscribed with Prime. They've subscribed for 10 months! Hi,"[1, 0, 0, 0, 0]","['gg', 19, 'bye', 13, 'hi', 10]"
IceHotelZer0,2020,78042.0,5825,omE,ome44,the,68,8,2024-09-09 17:37:58+02:00,Saw my pfp drawing from earlier 10/10 Cinema,2025-03-26 15:29:06+01:00,kanye west,"[1, 1, 0, 0, 0]","['omE', 242, 'ome44', 184, 'mhm', 65]"
InsomniacTim,1779,102420.0,7239,a,the,arnoldHalt,85,15,2024-07-08 13:02:29+02:00,Is this another Botez sister Pog,2024-12-16 17:27:36+01:00,peepoLeave,"[1, 1, 0, 0, 0]","['arnoldHalt', 99, 'Pffttt', 83, 'hesRight', 63]"
IvanOnMyOwn,10642,224557.0,45286,you,the,is,175,38,2024-05-01 17:15:25+02:00,Heeey! :D,2025-03-25 18:23:53+01:00,ok this is so bad ...,"[1, 1, 1, 0, 0]","['omE', 220, 'Pffttt', 177, 'HAH', 118]"
Ivana_10,8943,224519.0,39916,FEIN,ome44,qq,186,66,2024-05-01 20:15:40+02:00,Evenin gamers Smile,2025-03-26 21:07:39+01:00,gn chatters,"[1, 1, 0, 1, 0]","['ome44', 1758, 'qq', 1173, 'LOL', 548]"
JBIN2036,37093,315011.0,102097,ome44,FEIN,TEAM,157,157,2024-09-24 14:32:23+02:00,yo yo yo,2025-03-26 21:12:14+01:00,bye,"[0, 1, 0, 1, 1]","['ome44', 6922, 'OOOO', 1840, 'mhm', 1180]"
Jowijowi1,674,19864.0,1606,LOL,OOOO,o7,13,6,2024-12-16 15:50:30+01:00,FeelsWeirdMan,2025-03-24 18:49:13+01:00,qq,"[0, 0, 0, 0, 0]","['LOL', 66, 'OOOO', 53, 'o7', 35]"
JustALowkeyChillGuy,862,19255.0,2794,LUL,FEIN,KEKW,14,4,2024-12-30 17:24:08+01:00,HELLO,2025-03-03 15:41:30+01:00,no,"[0, 0, 0, 0, 0]","['KEKW', 45, 'Joel', 35, 'OMEGALUL', 22]"
K_Noxxx,1021,-13178.0,3850,LOL,u,)),25,11,2025-02-04 16:19:53+01:00,privet ppl how its going?) CorgiDerp,2025-03-17 15:39:01+01:00,!boost,"[0, 0, 0, 0, 0]","['LOL', 133, 'aga', 36, 'Shruge', 34]"
Kady86,557,44393.0,1883,the,u,ome44,36,8,2024-10-15 16:55:06+02:00,"I saw a lot of ur CS tiktoks and YT shorts, didn't know u played league too pshadyChatting",2025-03-14 20:51:28+01:00,Nerd,"[0, 1, 0, 0, 0]","['ome44', 42, 'om', 29, 'omE', 14]"
KarasuSora7,734,17880.0,2388,!boost,ratomilton,Û†ÄÄ,14,3,2025-01-31 19:00:41+01:00,aga hehe,2025-03-25 18:43:43+01:00,"im ordering pizza right now because last time when i tried in stream, they closed as i was ordering aga","[0, 0, 0, 0, 0]","['!boost', 89, 'ratomilton', 85, 'mhm', 29]"
Karlberg,590,45532.0,2394,i,the,you,43,2,2024-05-03 17:16:13+02:00,NinjaGrumpy,2025-03-24 19:23:55+01:00,im cooking salmon chat how do we feel about that,"[1, 1, 0, 0, 0]","['OMEGALUL', 20, 'OMEGADANCE', 16, 'PagMan', 14]"
KrieSeaX,577,26466.0,3373,the,a,is,15,11,2025-03-02 17:14:15+01:00,What a moment to join,2025-03-23 17:12:56+01:00,Looks like Green Goblin,"[0, 0, 0, 0, 0]","['speed1', 26, 'Clap', 15, 'Joel', 13]"
LX212,2616,66688.0,11125,you,the,omE,52,12,2024-05-01 17:32:05+02:00,im eating noodles. its going good ok,2024-10-07 20:12:44+02:00,hows it going okak,"[0, 0, 0, 0, 0]","['omE', 192, 'LETSGO', 85, 'xd', 67]"
Leftybrasco,897,47361.0,3692,the,a,LOL,35,15,2024-07-11 16:39:24+02:00,cruzified,2025-02-21 18:42:18+01:00,!eng,"[0, 1, 0, 0, 0]","['LOL', 61, 'WW', 51, 'gg', 38]"
Lord_Fy,581,49641.0,1108,loeyaKEKW,LUL,yes,44,5,2024-06-17 18:11:41+02:00,loeyaKEKW,2024-10-30 14:58:41+01:00,hi doro lilwhuLuv lilwhuLuv,"[1, 0, 1, 0, 0]","['omE', 11, 'nt', 6, 'Clap', 6]"
Luexen,549,39571.0,1776,LULW,ICANT,PepeLaugh,29,10,2024-06-04 19:01:34+02:00,LULW,2025-03-14 17:00:02+01:00,LOL,"[0, 0, 1, 0, 0]","['LULW', 104, 'ICANT', 46, 'PepeLaugh', 36]"
M_Gad,910,44430.0,3694,i,the,is,29,14,2025-02-18 17:47:54+01:00,25,2025-03-26 21:12:04+01:00,o7,"[0, 0, 0, 0, 0]","['!play', 17, 'o7', 17, 'bye', 8]"
Mantiss94,1339,59843.0,2622,ome44,omE,LUL,55,4,2024-06-10 17:24:03+02:00,KEKW,2025-03-24 17:12:08+01:00,OOOO,"[1, 0, 0, 0, 1]","['ome44', 99, 'omE', 97, 'paul', 84]"
Martin_Gales,41510,277649.0,246074,FEIN,ome44,the,245,52,2024-05-01 17:04:02+02:00,hi there,2025-03-24 20:10:20+01:00,better than the other porsche,"[1, 1, 1, 0, 0]","['ome44', 7049, 'gg', 4538, 'mhm', 3384]"
Mazurro,815,63310.0,2066,i,you,hi,50,12,2024-10-26 14:39:33+02:00,are you actually dressed or this is how you looks normally?,2025-03-05 16:29:47+01:00,so shes not,"[0, 1, 0, 1, 0]","['hi', 42, 'LOL', 38, '!play', 28]"
Menneas,530,11422.0,1407,RaveTime,ome44,PAUSENEMOGU,9,2,2024-11-04 15:13:40+01:00,yeah it common someone in the league scene went for a run at like 8 am and he got chased by a homeless guy its crazy LMAO,2025-03-15 00:23:57+01:00,lol,"[0, 1, 0, 0, 0]","['RaveTime', 82, 'ome44', 44, 'PAUSENEMOGU', 42]"
MrWeezZx,520,28867.0,2240,the,?,you,25,3,2024-06-25 15:58:52+02:00,guys give her the retirement bonus,2024-12-30 15:32:23+01:00,subs can watch FeelsAmazingMan,"[0, 0, 0, 0, 0]","['LOL', 9, '!play', 8, 'uuh', 7]"
MyLastTwitchAccount,3159,100276.0,14128,speed1,DORO,TEAM,74,24,2024-11-12 16:16:08+01:00,Aloo,2025-03-20 16:39:15+01:00,Prayge,"[0, 0, 0, 0, 0]","['speed1', 746, 'Joel', 347, 'LULW', 283]"
Nightbot,2093,300495.0,14125,is,tuah!,Who,240,58,2024-05-01 17:05:49+02:00,Submit your setups in the #rate-my-setup text channel on my discord. More info on !discord,2025-03-26 19:52:29+01:00,check the qna for specs -> https://youtu.be/bKxmKqancVI?si=iOmZr_-HJ2yi2X-k,"[1, 1, 0, 1, 0]","['BUSSERS', 5]"
Nightingale_______,643,31887.0,3106,you,the,to,24,5,2025-01-05 14:38:19+01:00,hola,2025-03-17 15:37:22+01:00,qq,"[0, 0, 0, 0, 0]","['gg', 32, '+1', 31, 'qq', 17]"
Nujabe_oz,892,21840.0,3170,FEIN,the,a,15,6,2024-09-16 17:05:20+02:00,BEGGING xar2EDM,2024-12-22 14:38:38+01:00,what have i missed,"[0, 0, 0, 0, 0]","['ome44', 50, 'hi', 27, 'buh', 27]"
P0P3_T,617,45763.0,3600,the,you,to,40,5,2024-05-27 22:01:22+02:00,maam where are your clothes?,2025-03-16 17:01:01+01:00,this isn‚Äôt bronze this is special education,"[0, 0, 0, 0, 0]","['ok', 9, 'HOLY', 6, 'EZ', 5]"
PINHAjoga,511,16763.0,1771,the,LOL,is,11,5,2024-10-21 14:14:50+02:00,Sheet,2024-12-03 17:28:53+01:00,Ok mommy,"[0, 0, 0, 0, 0]","['LOL', 37, 'bye', 7, 'hi', 2]"
PiGE0N98,1147,58386.0,4326,FEIN,the,you,43,14,2024-08-31 16:45:12+02:00,pige0n98 subscribed at Tier 1. ,2024-12-23 17:01:16+01:00,bye,"[1, 1, 0, 1, 0]","['ome44', 98, 'mhm', 52, '!play', 41]"
Plume7777,508,14094.0,1711,ReallyMad,DaRRa,?,9,5,2024-09-08 16:37:56+02:00,üêÄ,2024-09-26 18:07:37+02:00,Dentge Ex zack tly,"[1, 0, 0, 0, 0]","['ReallyMad', 77, 'Dentge', 23, 'hesRight', 23]"
Pyczeg,1335,79843.0,6055,Listening,catJAM,the,56,22,2024-09-17 15:34:54+02:00,Oh hell yeah. coming on and Home resonance is playing,2025-01-05 15:04:19+01:00,And other losers are paying,"[0, 1, 0, 0, 0]","['Listening', 194, 'catJAM', 185, 'plinkVibe', 90]"
RAMBOO1121,785,26603.0,3786,the,is,you,19,7,2024-08-30 14:03:11+02:00,"Came for RE4, stayed for life lessons lmao",2024-12-08 13:12:39+01:00,@Martin_Gales NODDERS,"[1, 1, 0, 0, 0]","['paul', 54, '!boost', 53, 'PepePls', 16]"
RELlKT,1241,40826.0,4728,is,LOL,to,34,16,2025-02-12 17:07:03+01:00,NOIDONTTHINKSO,2025-03-26 17:03:01+01:00,@PHIOOOF if youre not a millionaire sell it,"[0, 0, 0, 0, 0]","['LOL', 56, 'HUH', 26, 'eww', 19]"
Ravenbtw,3578,94334.0,14253,the,you,a,92,8,2024-05-02 17:01:19+02:00,hiii,2024-12-26 14:18:04+01:00,Prayge I pledge my allegiance to trump twice a day,"[1, 1, 0, 0, 0]","['omE', 161, 'ome44', 156, 'mhm', 92]"
RealDrLing,661,12305.0,2509,the,LUL,to,9,2,2024-05-05 18:39:44+02:00,RealDrLing subscribed at Tier 1. They've subscribed for 2 months! BASED,2024-06-24 21:14:23+02:00,bye,"[0, 0, 0, 0, 0]","['owoCheer', 42, 'OMEGALUL', 8, '!play', 8]"
Risc__V,2908,81546.0,10524,the,is,you,60,18,2024-05-01 18:35:36+02:00,DIESOFCRINGE,2024-07-24 18:24:00+02:00,CLOWNDETECTED,"[0, 0, 0, 0, 0]","['classic', 156, 'YEP', 132, 'mhm', 66]"
Roonss,6637,-2914.0,21028,the,om,you,118,10,2024-05-28 19:36:23+02:00,"Roonss subscribed at Tier 1. They've subscribed for 5 months, currently on a 5 month streak! Yoooo it's John Ring PagBounce",2025-03-15 00:10:38+01:00,"@dorozea this is what that xchoption posted on my steam, so i banned him https://i.imgur.com/3C47oBK.png","[1, 0, 1, 1, 0]","['om', 325, 'Xd', 297, 'hiii', 244]"
S4SK____,515,37067.0,1604,omE,the,a,33,4,2024-07-03 16:55:13+02:00,lidl radahn on a boar,2024-09-12 16:52:13+02:00,damn everyone is getting sick rn,"[0, 0, 1, 0, 0]","['omE', 58, 'KKonaW', 18, 'OOOO', 15]"
S_Face,1764,51125.0,5620,Smurfing,speed1,ome44,34,22,2025-02-10 17:03:54+01:00,BANGER,2025-03-26 17:28:46+01:00,bye chat & STREAMER gtg o7,"[0, 0, 0, 0, 1]","['speed1', 330, 'ome44', 166, 'OMEYES', 152]"
Sacred1um,504,52139.0,882,dome37,TITANHOLO,bro,26,26,2025-02-27 20:26:31+01:00,where did you find this trash AK SKIN,2025-03-26 20:45:30+01:00,NICE DOME,"[0, 0, 0, 0, 1]","['TITANHOLO', 36, 'Gayge', 11, '!play', 9]"
Sanguinaryyyy,576,16223.0,2162,is,the,a,14,2,2024-06-22 15:56:03+02:00,rip runes,2024-12-27 17:50:59+01:00,ive been urban exploring and it so fun,"[0, 1, 0, 0, 0]","['ome44', 19, 'xd', 17, '!play', 17]"
SchiKen44,1264,4598.0,7341,speed1,ome44,Joel,5,5,2025-02-28 19:48:37+01:00,imback,2025-03-04 22:09:56+01:00,bye,"[0, 0, 0, 0, 0]","['speed1', 1217, 'ome44', 295, 'Joel', 223]"
SeeMeNoMore_,2192,57376.0,7855,LUL,the,a,51,7,2024-05-05 17:04:13+02:00,yoooo,2025-02-14 17:48:12+01:00,yoooo,"[0, 1, 0, 0, 0]","['PepeLaugh', 67, 'monkaW', 45, 'LULW', 45]"
SercanLeaxl,687,20295.0,1578,the,WatchingStream,LOL,10,10,2024-07-22 16:31:22+02:00,can u open the door,2024-08-01 15:48:36+02:00,#ad,"[0, 0, 0, 0, 0]","['WatchingStream', 47, 'LOL', 36, '!play', 12]"
StreamElements,26793,557899.0,360379,the,/,to,277,278,2024-05-01 17:04:08+02:00,dorozea is now live! Streaming Just Chatting: !setupRating i will rate your setups soon! | !vods !newvid üö® üò± üò≥ üî¥,2025-03-26 21:05:39+01:00,-Twitter:  https://twitter.com/dorozeaxd -TikTok:  https://tiktok.com/@dorozea -Instagram:  https://www.instagram.com/dorozeaxd/  -YouTube: https://www.youtube.com/@dorozea?sub_confirmation=1,"[1, 1, 1, 1, 1]","['WW', 2350, 'CS2', 856, 'mods', 663]"
StunnerGR,2682,18637.0,4232,LOL,OOOO,ome44,12,4,2025-03-04 17:50:04+01:00,HeyGuys @dorozea <3 HeyGuys all ! <3,2025-03-24 20:14:10+01:00,bye,"[0, 0, 0, 0, 0]","['LOL', 312, 'OOOO', 309, 'ome44', 177]"
Sujkic_,527,61229.0,2333,Sadge,you,Û†ÄÄ,56,5,2024-10-03 15:37:45+02:00,LOL,2025-03-26 15:58:45+01:00,microsleep,"[0, 1, 0, 0, 0]","['Sadge', 70, 'fein', 57, 'LOL', 45]"
TandeBoy,998,65626.0,4565,you,the,is,59,8,2024-05-06 17:17:38+02:00,how tall are you,2025-02-22 19:09:37+01:00,-13.37,"[1, 1, 0, 0, 0]","['PepeLaugh', 18, '!play', 17, 'LULW', 11]"
TheDoctorFlash,3189,119576.0,13393,the,a,to,106,9,2024-07-15 18:30:37+02:00,for the cuisine. Swedish Fish,2025-03-25 18:35:35+01:00,mental deficiency?,"[1, 0, 0, 1, 0]","['xd', 70, 'Tomfoolery', 63, 'GODDID', 55]"
ToTo_house,556,34607.0,2520,speed1,ome44,DORO,27,12,2025-02-22 16:36:37+01:00,qq,2025-03-26 19:31:37+01:00,speed1,"[0, 0, 0, 0, 1]","['speed1', 374, 'ome44', 242, 'dome32', 39]"
TriplesingleJ,706,44656.0,2751,is,you,to,35,9,2024-06-16 17:47:05+02:00,lol,2024-08-27 19:10:21+02:00,bye,"[0, 0, 0, 0, 0]","['WW', 28, '!play', 20, 'OMEGALUL', 9]"
Trizze,2483,108523.0,13742,the,I,a,95,8,2024-05-01 18:36:23+02:00,MONKA,2025-03-25 19:38:18+01:00,where did I see that? game of thrones?,"[0, 1, 0, 1, 1]","['LETSGO', 87, 'MONKA', 52, 'mhm', 45]"
Typhu25,17227,-32511.0,287692,FEIN,ome44,speed1,206,25,2024-05-06 22:30:07+02:00,!play,2025-03-26 20:07:59+01:00,Banger Banger Banger Banger Banger Banger Banger Banger Banger Banger Banger,"[1, 1, 1, 1, 0]","['ome44', 50397, 'speed1', 5702, 'ome52', 1415]"
Vidke04,5111,130797.5,32748,the,is,I,104,29,2024-11-11 17:10:50+01:00,Bro the shotgun ammo is called Dragon's breath and existst IRL. That shit is awesome.,2025-03-26 21:10:39+01:00,raid shoga?,"[0, 1, 0, 1, 1]","['ome44', 292, 'speed1', 241, 'LOL', 128]"
VoiceOf90s,819,110266.0,4124,@dorozea,the,@Martin_Gales,85,23,2024-10-13 15:18:44+02:00,Hello there everyone KonCha It's cool here TPFufun,2025-03-19 16:01:15+01:00,@dorozea hello,"[0, 1, 0, 1, 0]","['LOL', 89, 'hi', 83, 'ome44', 54]"
VyvrhelII,506,56970.0,3279,you,:D,i,49,7,2024-12-17 16:47:19+01:00,i love pickled herring,2025-03-26 19:50:00+01:00,take the car :D,"[0, 0, 0, 0, 0]","['!play', 19, 'hi', 4, '!boost', 2]"
W1r3lesss,10780,-40791.0,68284,speed1,Smurfing,ome44,69,49,2025-01-05 18:26:21+01:00,!play,2025-03-26 21:12:31+01:00,bye bye,"[0, 0, 0, 0, 0]","['speed1', 17230, 'ome44', 3152, 'ome32', 1994]"
Wanderer039,3381,189302.0,20621,?,the,you,160,36,2024-09-04 14:13:09+02:00,experience ??,2025-03-26 18:51:40+01:00,human torch mhm,"[1, 1, 0, 1, 1]","['!play', 81, 'aga', 61, 'ome44', 52]"
Wii_Gii,3785,126779.0,20163,mhm,the,you,124,8,2024-05-01 17:58:56+02:00,-$25 omE,2025-03-26 17:19:03+01:00,lebronJAM,"[1, 1, 1, 0, 0]","['mhm', 458, 'omE', 200, 'AINTNOWAY', 168]"
Xan_Acnapyx,503,26959.0,2389,you,i,the,22,5,2024-09-11 20:41:15+02:00,"hi, coming all the way from insta!",2025-01-29 15:19:06+01:00,really nice story btw,"[1, 0, 0, 0, 0]","['!play', 8, 'gg', 5, 'ok', 5]"
Zeololz,4303,250241.0,19430,u,i,the,217,30,2024-05-01 20:04:48+02:00,fuck valorant Smile,2025-03-26 18:02:29+01:00,btw wtf is this mug name,"[1, 1, 1, 1, 0]","['aga', 184, 'Smile', 142, 'omE', 118]"
Zodiak_L9,523,26058.0,1628,Banger,LOL,xd,22,4,2025-01-19 12:34:05+01:00,Yo,2025-03-26 18:25:56+01:00,Headbang Headbang Headbang,"[0, 0, 0, 0, 0]","['LOL', 21, 'xd', 17, 'OOOO', 13]"
abeKrd,1087,58355.0,3789,bye,FEIN,the,51,6,2024-05-05 18:02:10+02:00,Valo a bit gay but better than cs,2025-01-27 17:55:36+01:00,Naughty naughty,"[0, 1, 0, 0, 0]","['bye', 67, 'omE', 27, 'OMEGALUL', 18]"
adevogado0_0,2098,79224.0,8506,speed1,DORO,TEAM,56,44,2025-01-01 15:06:18+01:00,"""What is a streamer without a community? Nothing. That's why it's funny when you see a streamer with a big ego. Dude, you're literally the bottom of the barrel when it comes to entertainment. Show some respect to the people who made you. A lot of streaming is just reacting to chat: Look, I do a funny thing -> chat laughs -> I laugh -> oh, funny comment."" - Valkyrae",2025-03-15 18:00:36+01:00,o7,"[0, 0, 0, 0, 0]","['speed1', 2008, 'ome44', 236, 'catPls', 202]"
allgudnamesused12345,1831,91649.0,6970,you,is,the,84,5,2024-08-23 15:03:24+02:00,My Grandma who is a paraplegic could hit more shots than you,2025-03-21 23:11:08+01:00,lumberjack ahh fit,"[1, 1, 0, 0, 0]","['paul', 24, '!play', 10, 'ok', 5]"
amirmasoud_2018,6853,157145.0,20090,OMEGALUL,omE,you,139,13,2024-05-15 14:57:50+02:00,Hello rameeWave,2025-03-20 18:43:43+01:00,wtf OMEGALUL,"[1, 1, 0, 0, 0]","['OMEGALUL', 731, 'omE', 703, 'ome44', 467]"
andrea4V,1145,28016.0,3296,erbyMariodance,erbyLuigidance,andrea540Doof,21,6,2024-05-02 19:16:30+02:00,pspHaiii,2025-03-25 19:38:23+01:00,@Ivana_10 Aware i just googled,"[0, 0, 0, 0, 1]","['omE', 58, 'OOOO', 43, 'Reacting', 25]"
angelvb1,831,52466.0,3796,the,is,a,45,6,2024-10-05 17:06:36+02:00,CATCH A GRENED FR YA,2025-03-26 18:26:05+01:00,Can you press tab?,"[0, 0, 0, 0, 0]","['om', 21, 'xd', 14, 'KEKW', 7]"
astrologer95,1856,72420.0,3029,LUL,dorozeaSlam,dorozeaAlert,35,35,2024-12-13 14:16:39+01:00,Hello ü§ó,2025-01-23 15:53:09+01:00,@1206paul_ sooryy bto today is wrogh day,"[0, 0, 0, 0, 0]","['!play', 20, 'hi', 9, 'paul', 5]"
astrologer_j,1121,49729.0,1803,LUL,GoldPLZ,SeemsGood,36,13,2024-08-03 15:55:58+02:00,red dead ?,2024-09-30 19:24:14+02:00,FootYellow,"[1, 0, 1, 0, 0]","['!play', 15, 'Enough', 14, 'arthur', 1]"
balintboss,28706,582591.0,116498,the,you,I,277,278,2024-05-01 17:06:18+02:00,ready to 1984,2025-03-26 21:12:15+01:00,I ENJOYED MY STAY doroL I ENJOYED MY STAY doroL I ENJOYED MY STAY doroL I ENJOYED MY STAY doroL I ENJOYED MY STAY doroL I ENJOYED MY STAY doroL I ENJOYED MY STAY doroL,"[1, 1, 1, 1, 1]","['LOL', 1351, 'dome32', 1113, 'o7', 789]"
banties_x,29871,118282.0,123645,speed1,FEIN,ome44,252,58,2024-05-01 17:04:28+02:00,Yooo,2025-03-26 21:12:34+01:00,Smile,"[1, 1, 1, 1, 1]","['speed1', 8710, 'ome44', 6347, 'widetime', 2880]"
basbinga,1068,147223.0,3422,hi,@Martin_Gales,gg,145,10,2024-05-01 17:08:58+02:00,yo doro,2025-02-17 18:57:04+01:00,LOL,"[1, 1, 0, 0, 0]","['hi', 114, 'gg', 60, 'hiii', 55]"
beaconstrips420,513,66001.0,3073,the,is,a,50,15,2024-05-05 17:57:06+02:00,ez 4k,2025-03-26 19:13:43+01:00,@tbytkos I just pissed myself! Thank you for the medical advice!,"[0, 1, 0, 0, 0]","['smh', 3, '!play', 2, 'classic', 2]"
bigabugj,808,85554.0,3964,you,a,I,58,27,2024-06-17 19:15:58+02:00,Blasphemous blade is for more levels,2024-10-21 16:21:14+02:00,my ears and nose got hairy when i turned 30,"[1, 0, 1, 0, 0]","['!play', 5, 'ok', 4, 'ads', 4]"
bilaltothefuture,1115,66783.0,6099,you,a,the,45,20,2024-05-06 19:15:55+02:00,this one has too much money but bad taste,2025-03-05 15:43:20+01:00,long time no see,"[0, 0, 0, 0, 0]","['!play', 37, 'gg', 7, 'BibleThump', 6]"
blakbilt,1083,49535.0,3999,you,omE,the,42,6,2024-05-02 17:05:15+02:00,funny video good jobbe,2024-12-11 18:34:59+01:00,What are these drops ?,"[0, 1, 0, 0, 0]","['omE', 98, 'Clueless', 20, 'xd', 17]"
blind_dood,1309,130687.0,5634,the,you,u,121,8,2024-05-28 18:56:18+02:00,are you better than me?,2025-03-25 20:27:48+01:00,she fell for u,"[1, 0, 1, 0, 0]","['xd', 6, '!play', 3, '!boost', 3]"
brainofjfk,1304,72865.0,3494,you,the,OMEGALUL,64,8,2024-09-10 18:36:24+02:00,LastTimeChatter,2025-02-16 17:54:23+01:00,uuh,"[1, 1, 0, 1, 0]","['OMEGALUL', 39, 'forsenPls', 33, '!play', 29]"
breezybear69,508,15616.0,1980,you,the,a,11,4,2024-10-30 16:57:25+01:00,is this CS2?,2025-02-15 20:36:21+01:00,ooooo,"[0, 0, 0, 0, 0]","['LOL', 17, '!boost', 6, 'o7', 5]"
cabbageismyname,792,73033.0,2765,you,the,a,64,9,2024-05-24 18:34:34+02:00,are you greek,2025-03-20 18:34:57+01:00,SOON,"[1, 0, 0, 0, 0]","['OMEGALUL', 20, 'paul', 16, 'xdd', 13]"
cake_for_me_,606,66558.0,784,lol,yes,gg,36,30,2024-05-20 17:54:41+02:00,rainbow 6 siege is like 21.05 eur,2024-07-13 19:08:40+02:00,hi,"[0, 0, 0, 0, 0]","['gg', 31, 'hi', 27, 'bye', 26]"
captainmark2024,758,31158.0,6476,the,you,is,18,12,2025-02-21 17:36:22+01:00,"Hello dorozea, my best friend ever",2025-03-15 16:40:06+01:00,trump: Doro must play for 10K in CS or it will be SAD!,"[0, 0, 0, 0, 0]","['ok', 5, 'life', 5, 'hi', 4]"
caseohsboyfriend_,583,26785.0,2376,doro,you,I,22,4,2024-07-12 16:55:25+02:00,1v1 me dork you trash caseohKittyyy caseohKittyyy,2025-01-22 14:30:27+01:00,W,"[1, 1, 0, 1, 0]","['Paul', 11, 'ads', 9, 'OMEYES', 6]"
catsspurr,11784,126283.0,45451,FEIN,ome44,OOOO,108,30,2024-10-07 17:54:48+02:00,looney toons ahh scream lol,2025-03-26 20:30:14+01:00,jah,"[0, 1, 0, 1, 0]","['ome44', 1710, 'OOOO', 641, 'dome44', 595]"
chili_con_bacon,3965,228822.0,16873,i,ome44,the,170,53,2024-05-03 17:49:14+02:00,BANGER the strokes,2025-03-20 22:06:15+01:00,PATH OF EXILE,"[1, 1, 1, 0, 0]","['ome44', 353, 'om', 172, 'speed1', 151]"
converx,1466,104106.0,6734,the,you,is,81,22,2024-05-29 22:38:57+02:00,for me the lore did not make sense until the very end lmao,2025-03-23 19:02:42+01:00,speed1,"[0, 1, 1, 0, 0]","['!play', 54, 'o7', 47, 'OOOO', 34]"
cookie_tf,812,42886.0,3876,ICANT,muted,i,46,5,2024-05-07 17:06:31+02:00,"cookie_tf subscribed at Tier 1. They've subscribed for 12 months, currently on a 12 month streak! BASED",2025-03-17 18:52:19+01:00,@55Dash GIGACHAD,"[1, 1, 0, 0, 0]","['ICANT', 127, 'muted', 86, 'LOL', 62]"
corpoket,671,69866.0,2984,the,a,you,65,4,2024-05-01 17:40:50+02:00,You hungover today Dora?,2025-03-12 17:36:12+01:00,@vyvertyt 2X 5090 in SLI,"[0, 0, 1, 0, 0]","['peepoHey', 18, 'YEP', 16, 'owoCheer', 16]"
cr7vaibhav,2271,51067.0,5062,FEIN,ome44,om,39,11,2024-10-27 18:34:40+01:00,buh,2025-03-19 20:48:19+01:00,ta,"[0, 0, 0, 1, 0]","['ome44', 301, 'om', 201, 'xd', 131]"
cringeuss,1468,92245.0,6438,the,dorozeaHey,you,56,34,2025-01-19 15:05:32+01:00,Hello Chat,2025-03-26 21:05:53+01:00,good night everyone. See you on Friday dorozeaSignOff,"[0, 0, 0, 0, 1]","['!play', 39, '!boost', 35, 'ome44', 31]"
cukuLuLu41,2754,31096.0,9457,?,is,JARVIS,17,11,2025-01-05 14:11:55+01:00,you look like ryan butcher from the boys,2025-01-26 18:55:22+01:00,bye,"[0, 0, 0, 0, 0]","['JARVIS', 154, 'ome44', 151, 'LETSGO', 98]"
cukululu41,6602,47922.0,25791,ome44,WideRaveTime,speed1,32,27,2024-12-27 14:42:41+01:00,@gkey how much dpi you got ?,2025-02-26 20:55:05+01:00,speed1 speed1 speed1 speed1 speed1 speed1 speed1 speed1 speed1 speed1 speed1 speed1 speed1 speed1 speed1 speed1 speed1 speed1 speed1 speed1 speed1 speed1 speed1 speed1 speed1 speed1 speed1 speed1 speed1 speed1 speed1 speed1 speed1,"[0, 0, 0, 0, 0]","['ome44', 1154, 'WideRaveTime', 972, 'speed1', 679]"
d3wtwitchtvb,597,25123.0,1373,BangbooBounce,JinxLUL,BloodTrail,20,5,2024-10-07 17:38:54+02:00,CoolStoryBob,2025-03-22 23:14:07+01:00,KonCha TwitchLit <3 thanks,"[0, 0, 0, 0, 0]","['ok', 13, 'nt', 4, '!play', 2]"
damm1jp,4494,103408.5,15853,speed1,ome44,TEAM,52,52,2025-01-28 15:52:12+01:00,Hi dorozea,2025-03-26 18:18:00+01:00,"I need to go, bye guys and doro","[0, 0, 0, 0, 1]","['speed1', 811, 'ome44', 444, 'qq', 206]"
darxtorn,1639,91067.0,8474,the,u,is,82,7,2024-05-03 18:15:37+02:00,is that my fav flashbang enjoyer,2025-03-25 20:55:23+01:00,sometimes u yust shicken,"[1, 0, 0, 0, 0]","['!play', 33, 'omE', 30, 'ayo', 24]"
devilbabymamadrama,10935,-59709.0,64778,speed1,Smurfing,Banger,51,51,2025-01-29 19:06:36+01:00,!play,2025-03-26 19:22:34+01:00,speed1,"[0, 0, 0, 0, 1]","['speed1', 24003, 'ome44', 2146, 'ome32', 914]"
devilleboi,737,70428.0,4857,u,the,i,62,7,2024-05-06 18:04:02+02:00,im back from my vacation boss,2025-03-25 15:15:56+01:00,Dorozea waifu cup soon? Kappa,"[0, 0, 1, 0, 0]","['paul', 32, 'Sadge', 18, 'RaveDance', 18]"
dima_wallhacks,1240,74681.0,4121,the,i,LOL,64,8,2024-05-09 17:11:20+02:00,jackie shan üá∏üá™,2025-03-26 15:37:18+01:00,we're so doomed OMEGADANCE,"[0, 1, 0, 0, 0]","['LOL', 71, 'OOOO', 46, 'omE', 45]"
dogrucu_coban_,763,84510.0,1737,a,LOL,is,69,16,2024-12-04 17:36:41+01:00,wait are u guys living with headphones,2025-03-22 19:14:43+01:00,ohneCool ohneCool,"[0, 1, 0, 0, 0]","['LOL', 55, 'om', 32, 'ome5', 29]"
dorozaah,1494,21680.0,3526,lol,i,you,19,3,2024-09-09 14:32:08+02:00,hallo,2024-12-28 18:31:15+01:00,lol,"[1, 0, 0, 0, 0]","['paul', 18, 'ok', 9, 'skip', 4]"
dorozo_o,621,18309.0,2664,speed1,?,u,20,9,2025-01-09 15:25:21+01:00,Hi,2025-03-19 17:14:02+01:00,lovely dude,"[0, 0, 0, 0, 0]","['speed1', 177, 'LOL', 27, 'xd', 9]"
dysunn,679,-11979.0,3238,you,?,the,32,5,2025-01-20 15:16:06+01:00,"Heyyy , hi from portugall",2025-03-24 16:57:00+01:00,its an investment,"[0, 0, 0, 0, 0]","['ome52', 12, '!boost', 10, 'gg', 6]"
el_borrachooo,516,14929.0,2909,u,I,Doro,10,4,2025-02-23 18:13:23+01:00,Hello Dorozea Hej hej,2025-03-24 16:22:59+01:00,Hello chat,"[0, 0, 0, 0, 1]","['Dorozea', 21, 'life', 6, '!boost', 4]"
elluiti,26752,245873.0,80017,ome44,FEIN,LOL,181,76,2024-08-03 16:22:56+02:00,Heeeeey,2025-03-26 21:08:01+01:00,o7,"[1, 1, 1, 1, 1]","['ome44', 8843, 'LOL', 1859, 'ome5', 1167]"
emad_c7,1324,146884.0,6052,you,the,is,113,32,2024-08-04 18:29:26+02:00,do you play clash of clans,2025-03-09 18:58:01+01:00,whats that,"[1, 1, 0, 1, 0]","['hiii', 39, 'WW', 37, 'ome18', 30]"
enseje,1901,64483.0,7808,i,it,you,46,14,2024-05-01 19:36:03+02:00,apex looks fun,2024-09-07 14:51:40+02:00,the forearms holy fuck,"[0, 0, 0, 0, 0]","['xd', 119, 'mhm', 57, 'peepoLove', 50]"
erikbeans,640,42042.0,3230,speed1,ome44,OMEYES,36,10,2025-02-01 17:34:08+01:00,when are you playing csgo?,2025-03-24 15:35:55+01:00,too quiet,"[0, 0, 0, 0, 0]","['speed1', 620, 'ome44', 98, 'OMEYES', 84]"
erinxox3,838,80329.0,2487,DORO,TEAM,ome44,73,6,2024-05-12 18:32:44+02:00,omE,2025-03-24 19:45:15+01:00,jah,"[1, 1, 1, 0, 0]","['ome44', 194, 'qq', 50, 'mhm', 36]"
ertagon_,2278,146470.0,10905,you,the,I,97,49,2024-07-31 14:30:39+02:00,Menemen,2024-12-08 19:36:47+01:00,I like my clock to be one hour ahead,"[1, 1, 1, 1, 0]","['ome32', 109, 'ome44', 100, 'catJAM', 71]"
exitsixnine,608,42984.0,2748,i,is,she,36,6,2024-10-17 14:58:01+02:00,has she played silent hill 2 guys?,2025-03-26 17:28:07+01:00,why she so cute chat ‚ò∫Ô∏è,"[0, 1, 0, 1, 0]","['BibleThump', 33, 'FeelsWowMan', 26, 'FeelsBadMan', 21]"
fawzarn004,646,60182.0,1480,Yay,I,the,49,11,2025-01-12 14:53:15+01:00,Call in your airplane and wipe them out,2025-03-25 18:14:41+01:00,Fire camp,"[0, 0, 0, 0, 0]","['Xd', 6, 'life', 3, 'ome44', 3]"
fcukboii,946,54034.0,7578,PewPewPew,DinoDance,DarkKnight,45,9,2024-11-07 14:30:03+01:00,How old are you?!,2025-03-26 21:12:21+01:00,No BigSad BigSad BigSad BigSad BigSad,"[0, 1, 0, 0, 0]","['!play', 6, 'Paul', 4, 'bye', 4]"
finskbamse,1039,133414.5,3106,a,to,the,63,45,2025-01-10 14:14:20+01:00,finskbamse subscribed at Tier 1. ,2025-03-26 21:12:14+01:00,vi ses doro bye,"[0, 0, 0, 0, 0]","['hi', 29, '!boost', 29, '!play', 28]"
fkaGabe,1289,67072.0,3722,the,lol,qq,75,10,2024-10-08 16:25:32+02:00,i'm stream sniping aga,2025-03-26 19:35:02+01:00,I quit that shid lol. I only play repo now,"[0, 1, 0, 0, 0]","['qq', 59, 'o7', 42, 'MUGA', 35]"
flyphoenix777,1717,34102.0,7164,dorozeaTouchingyou,speed1,TEAM,25,11,2025-02-19 19:23:31+01:00,Hallo :),2025-03-22 23:53:52+01:00,gg,"[0, 0, 0, 0, 0]","['speed1', 348, 'MeWhenIBuyEgyptianProperty', 269, 'ome69', 221]"
fredmckwacz,1085,36651.0,4527,the,speed1,is,21,15,2025-02-28 21:03:07+01:00,is she fucking heating it over a fucking fireplace or what,2025-03-26 18:49:04+01:00,MUGA LOCK IN,"[0, 0, 0, 0, 0]","['speed1', 95, 'xd', 58, 'gkeywide', 17]"
fuzok4,6855,150082.0,26765,ome99,FEIN,you,100,40,2024-06-13 16:46:20+02:00,bleed,2024-12-08 21:58:25+01:00,can u farm 3 clips this game,"[1, 1, 1, 1, 0]","['ome99', 1332, 'LOL', 633, 'WW', 241]"
fyredoor4,15915,143372.0,53256,the,you,ome32,129,18,2024-07-24 15:56:49+02:00,Csgo looks kinda different,2025-02-25 19:48:21+01:00,b,"[1, 1, 0, 1, 0]","['ome32', 859, 'ome44', 396, 'ome96', 289]"
fyyzckrl,516,25212.0,1881,LOL,you,DinoDance,14,11,2025-01-20 17:43:15+01:00,fyyzckrl subscribed with Prime. ,2025-02-09 19:07:47+01:00,bye,"[0, 0, 0, 0, 0]","['LOL', 71, 'AlienPls3', 33, 'mhm', 24]"
giorgoslep,2742,96265.0,11112,FEIN,ome96,the,57,29,2024-10-09 16:00:59+02:00,@Barbussa44 new person same old mistakes,2025-02-10 18:51:04+01:00,nice hairstyle,"[0, 1, 0, 1, 0]","['ome96', 299, 'ome44', 211, 'LOL', 149]"
gkey,2089,217163.0,7165,the,omEE,ome5,184,18,2024-05-02 19:16:16+02:00,125 raiders from gkey have joined! ,2025-03-26 16:16:24+01:00,MONKA,"[1, 1, 1, 1, 0]","['omEE', 117, 'ome5', 108, 'Pffttt', 100]"
greekviewer1,2355,65004.0,18082,forsenLaughingAtYou,speed1,WAJAJA,82,14,2024-11-17 17:56:09+01:00,@dorozea Good evening Ma'am,2025-03-25 20:37:38+01:00,@dorozea I think in this mission the black one alwaays wins so bet on black only to take all of there money its scripted,"[0, 1, 0, 0, 0]","['forsenLaughingAtYou', 795, 'speed1', 748, 'WAJAJA', 681]"
gregg_69,822,74793.0,2281,LUL,DinoDance,@dorozea,45,39,2025-01-11 15:12:05+01:00,Hey!,2025-03-12 15:05:54+01:00,"Hello, Doro DinoDance","[0, 0, 0, 0, 0]","['!boost', 47, 'bye', 46, 'ome44', 44]"
guiseppe_mundi,1067,39387.0,4600,the,you,to,27,11,2024-05-29 15:16:04+02:00,Nice ring,2024-09-13 18:24:32+02:00,euw,"[1, 0, 0, 0, 0]","['lore', 3, 'life', 2, 'goat', 2]"
gurmukh0,1209,49825.0,4537,the,u,a,34,14,2024-08-05 14:12:35+02:00,hi,2025-02-12 16:34:10+01:00,gummy bears,"[1, 0, 1, 0, 0]","['LOL', 38, 'o7', 35, '!play', 31]"
haHAA_12_btw,2163,126127.0,9022,the,you,i,110,13,2024-09-14 02:29:58+02:00,divvitMan DIV RAID divvitMan DIV RAID divvitMan DIV RAID divvitMan DIV RAID divvitMan DIV RAID divvitMan DIV RAID,2025-03-26 21:12:31+01:00,WW,"[1, 1, 0, 1, 0]","['ome32', 83, 'OOOO', 82, 'ome44', 70]"
hanepirukas1,1216,42435.0,10661,YEP,is,the,36,5,2024-05-07 21:07:12+02:00,"Dogs sniff eachothers ass, what would human equivilent be? Hmm i suggest we take off eachothers socks and give eachother to sniff. Any other suggestions?",2024-10-03 17:35:58+02:00,(fart),"[1, 0, 0, 0, 0]","['YEP', 273, 'Hmm', 90, 'NODDERS', 43]"
hariharan7904,500,68722.0,3120,you,the,a,52,16,2024-09-04 15:50:38+02:00,DO YOU have an idea of playing wukong??,2025-01-29 18:21:32+01:00,How was your hangout with friends üß°,"[1, 0, 0, 0, 0]","['life', 14, 'paul', 6, 'bye', 4]"
hpyunusemree,543,59098.0,1727,FEIN,!play,to,41,17,2024-11-26 16:14:46+01:00,hello,2025-03-22 18:18:45+01:00,uu,"[0, 1, 0, 0, 0]","['!play', 42, 'ome44', 35, '!boost', 27]"
icep1cke,1389,147843.0,2282,Clap,EZ,!play,80,65,2024-05-09 18:06:20+02:00,peepoClap,2024-08-09 20:48:43+02:00,!play Û†ÄÄ,"[0, 0, 0, 0, 0]","['Clap', 295, 'EZ', 120, '!play', 102]"
ifanbenmezda,19143,281066.0,62575,ome44,FEIN,the,200,74,2024-07-19 20:23:04+02:00,is voting rigged in this game?,2025-03-26 20:25:11+01:00,bah bah bah,"[1, 1, 1, 1, 0]","['ome44', 3166, 'mhm', 816, 'ome32', 760]"
ileadarius27,558,13770.0,1259,you,üòÇüòÇüòÇ,I,7,7,2025-01-06 17:21:38+01:00,Hi,2025-01-14 14:14:18+01:00,Lie,"[0, 0, 0, 0, 0]","['!boost', 6, '!play', 4, 'qq', 3]"
inn0iwnl,555,11473.0,1479,LOL,AlienPls3,ome44,8,3,2024-10-30 16:47:55+01:00,DONA SHALALALALLA ADHD RAID DONA SHALALALALLA ADHD RAID DONA SHALALALALLA ADHD RAID DONA SHALALALALLA ADHD RAID DONA SHALALALALLA ADHD RAID DONA SHALALALALLA ADHD RAID DONA SHALALALALLA ADHD RAID Û†ÄÄ,2024-12-28 16:21:53+01:00,inn0iwnl subscribed at Tier 1. They've subscribed for 2 months! aga,"[0, 0, 0, 0, 0]","['LOL', 56, 'AlienPls3', 45, 'ome44', 44]"
jckxk,921,99585.0,2467,ome44,OOOO,yo,90,7,2024-05-01 20:04:38+02:00,yo doro,2025-03-23 17:24:44+01:00,gkeywide,"[1, 0, 0, 1, 0]","['ome44', 55, 'OOOO', 50, 'omE', 40]"
jorth123,901,41919.0,4144,the,lol,is,22,17,2025-01-12 14:38:48+01:00,jorth123 subscribed at Tier 1. ,2025-02-14 16:30:58+01:00,the tiktok was funny af man,"[0, 0, 0, 0, 0]","['WW', 65, 'ome52', 56, '!boost', 32]"
jvparisotto,1049,49196.0,4036,ome808,speed1,mikuPls,37,12,2025-02-02 18:21:46+01:00,nice aim,2025-03-26 17:23:27+01:00,!watchtime,"[0, 0, 0, 0, 1]","['ome808', 252, 'speed1', 133, 'Devious', 42]"
kane_ong,643,71750.0,1526,LUL,Kappa,you,58,13,2024-12-18 18:03:08+01:00,HeyGuys,2025-03-26 16:59:02+01:00,GL,"[0, 0, 0, 0, 0]","['nt', 39, 'KEKW', 28, 'gg', 16]"
kecso1g,835,71327.0,3113,i,you,the,62,9,2024-05-03 17:12:28+02:00,all the german i know is ich bin schwul,2024-12-13 18:30:12+01:00,OMEYES,"[1, 0, 0, 0, 0]","['buh', 38, 'aga', 28, 'AINTNOWAY', 26]"
kepplerrino,2461,204750.0,10029,u,the,you,181,21,2024-05-01 18:31:59+02:00,Hello there!,2025-03-26 17:32:34+01:00,*tips fedora*,"[1, 1, 1, 0, 0]","['ayo', 68, 'D:', 37, 'BOOMIES', 31]"
kildofris,527,48161.0,1425,STREAMER,NO,speed1,41,7,2024-05-22 16:58:49+02:00,Ello Okayeg,2025-03-22 17:00:28+01:00,o7,"[0, 1, 0, 0, 1]","['STREAMER', 85, 'speed1', 84, 'ome44', 42]"
kindheadbanger,3723,83561.0,8939,DinoDance,!boost,Headbang,47,46,2025-01-30 15:11:50+01:00,I NEED THIS t-shirt,2025-03-26 21:12:26+01:00,bye bye,"[0, 0, 0, 0, 1]","['!boost', 393, 'Headbang', 366, 'speed1', 202]"
kirill_ugrumov,534,88128.0,1796,you,!boost,your,76,12,2024-11-29 15:24:51+01:00,is that your birthday today?,2025-03-25 18:54:44+01:00,what resolution are you playing?,"[0, 1, 0, 1, 1]","['!boost', 32, '!play', 16, 'ome44', 13]"
kkecso,689,39183.0,2315,speed1,i,the,34,5,2024-12-16 18:49:45+01:00,omE  firsttime chatter,2025-03-25 15:52:21+01:00,and clipfarming dome44,"[0, 0, 0, 0, 0]","['speed1', 63, 'FEINFEINFEINFEINFEINFEINFEINFEI', 33, 'MUGA', 19]"
klimzaa,19151,143889.0,119546,ome44,ome52,fein,231,21,2024-05-01 17:38:07+02:00,!video,2025-03-26 18:08:12+01:00,o7,"[1, 1, 1, 1, 0]","['ome44', 12246, 'ome52', 8111, 'fein', 7667]"
lajosbarnabas,6204,193609.0,18742,speed1,ome44,qq,145,61,2024-05-01 19:21:42+02:00,what is that cup lmao,2025-03-24 16:40:02+01:00,buhFlipExplode,"[0, 1, 0, 0, 0]","['speed1', 2043, 'ome44', 567, 'qq', 397]"
linviolet,1011,71920.0,2738,u,LOL,hiii,54,17,2024-08-27 14:32:12+02:00,hiii,2025-03-19 16:58:27+01:00,can I recommend u as my friend to join TwitchCon free? 5Head,"[1, 0, 1, 0, 0]","['LOL', 82, 'hiii', 44, 'OOOO', 44]"
lorenzoluciano7,854,48552.0,2705,the,u,a,33,15,2024-07-20 20:24:03+02:00,the best advice for playing lol? Don't play lol!!,2025-02-17 20:50:33+01:00,o7,"[0, 0, 0, 0, 0]","['!boost', 34, 'o7', 19, 'xd', 17]"
lothric_tenz,580,13624.0,3365,the,you,to,7,5,2024-05-27 18:47:52+02:00,Hello! Is this your 1st Souls game ?,2024-06-17 19:58:58+02:00,"No worries, you will figure out a strat to beat her","[0, 0, 0, 0, 0]","['LULW', 36, 'EZ', 26, 'ok', 15]"
m4estr3,1102,-12049.0,4934,PagChomp,OMEGALUL,FREE,52,25,2025-01-04 15:15:15+01:00,TEEMO IS GOOD,2025-03-26 20:07:56+01:00,Headbang,"[0, 0, 0, 0, 0]","['PagChomp', 171, 'OMEGALUL', 121, 'speed1', 105]"
mehthloawd,706,19486.0,4803,i,doro,a,18,2,2024-05-12 00:11:27+02:00,yoooo long time no see doro,2025-01-11 20:28:13+01:00,batman calmy taking a blunt force hit to the neck is so epic,"[0, 0, 0, 0, 0]","['hi', 11, '!play', 9, 'paul', 8]"
mentha2k,1038,56458.0,4235,is,you,the,35,20,2024-07-21 19:19:38+02:00,You look like Liv Tyler,2024-10-06 15:02:39+02:00,@lajosbarnabas ty,"[1, 0, 1, 0, 0]","['!play', 17, 'arthur', 11, 'o7', 5]"
mindlit,708,60942.0,3411,u,is,the,56,4,2024-05-10 19:30:53+02:00,lmao,2025-03-26 19:57:54+01:00,why r u driving this mid car,"[1, 0, 0, 0, 0]","['omE', 52, 'batman', 9, 'ok', 8]"
mittybang,623,25719.0,4321,the,to,you,20,5,2024-05-28 21:57:40+02:00,LETS GO,2024-09-14 05:42:36+02:00,what time is it in san fran,"[1, 0, 0, 0, 0]","['xd', 68, 'MONKA', 12, '!play', 8]"
moarmar,974,44864.0,1670,omE,PepeLaugh,MEGALUL,26,18,2025-02-21 16:49:28+01:00,parasocial,2025-03-26 21:07:53+01:00,forsen,"[0, 0, 0, 0, 0]","['omE', 54, 'PepeLaugh', 38, 'MEGALUL', 34]"
moondog357,3790,70420.0,9138,the,I,a,49,18,2024-10-14 20:04:15+02:00,eeeek,2025-01-14 17:54:13+01:00,wwww,"[0, 1, 0, 1, 0]","['LOL', 98, 'ok', 32, 'OOOO', 28]"
mostafaaaa7,617,26387.0,2714,xd,is,the,22,4,2024-08-30 14:32:58+02:00,nice necklace,2025-01-30 14:27:02+01:00,what is facebook guys,"[1, 0, 0, 0, 0]","['xd', 95, 'batman', 8, '!play', 5]"
myow1,942,85688.0,3920,the,you,I,75,10,2024-08-20 13:08:09+02:00,yo,2025-03-23 18:17:20+01:00,nice sesbian lex,"[1, 1, 0, 0, 0]","['hi', 15, '!boost', 12, 'nt', 8]"
ndarthvader,562,54418.0,2426,FEIN,ome44,RAID,50,4,2024-06-20 19:06:00+02:00,wow u are so beautiful,2025-03-02 18:25:55+01:00,ohhhh looks soo goodd,"[0, 0, 0, 0, 0]","['ome44', 94, 'ohhh', 12, '!play', 10]"
nevadasieera,519,20819.0,2234,the,to,FeelsWowMan,11,9,2024-05-15 17:59:05+02:00,why she so cute chat?,2024-06-11 14:27:10+02:00,i called her friend and now she thinks she's nobility. you are not her doro :),"[0, 0, 0, 0, 0]","['FeelsWowMan', 37, 'FeelsBadMan', 26, 'BibleThump', 18]"
no_buffalosauce,650,97743.0,2620,the,you,is,89,8,2024-06-12 17:51:01+02:00,he ia a baj,2025-03-22 15:20:59+01:00,whats your opinions on lifestyle content ?,"[1, 0, 1, 0, 0]","['hi', 11, 'Clueless', 9, 'paul', 9]"
nzexy,1143,82942.0,5398,you,the,doro,76,5,2024-05-01 18:53:51+02:00,hello im back from poland how are youuu,2025-03-20 18:58:54+01:00,hello doro god of war when? have been asking for a year xdd,"[1, 1, 0, 1, 0]","['hi', 29, 'xd', 15, '!play', 13]"
oJov,6849,87219.0,35422,FEIN,ome44,u,79,6,2024-05-01 21:03:32+02:00,wow 10/10 day,2025-03-17 16:36:38+01:00,poopzea based,"[0, 1, 0, 0, 0]","['ome44', 1436, 'omE', 304, 'mhm', 206]"
paaaat_,679,105805.0,2930,a,to,paaaat_,59,34,2024-12-08 14:34:23+01:00,paaaat_ is gifting 5 Tier 1 Subs to dorozea's community! They've gifted a total of 5 in the channel! ,2025-03-21 20:06:58+01:00,Like 3-4,"[0, 1, 0, 0, 0]","['gg', 11, '!play', 11, 'qq', 8]"
pat0091,630,-59177.0,3117,the,u,a,22,8,2025-02-11 19:03:20+01:00,do u go to the gym?,2025-03-22 15:28:56+01:00,Dont bother with those comments doro. Ppl are so porn brained,"[0, 0, 0, 0, 0]","['!boost', 9, '!play', 8, 'ok', 5]"
pavlikgandonioyt,625,36391.0,2247,i,is,u,32,4,2024-07-02 21:26:59+02:00,@Robert_Stefan24 bro is blind lmaoooooooo,2025-03-24 16:21:35+01:00,@maliwell xdd,"[0, 1, 0, 0, 0]","['xd', 42, 'gg', 29, 'xdd', 22]"
pepegakun,811,24124.0,2612,LOL,the,you,17,6,2025-02-27 15:40:07+01:00,buzz cut better GIGACHAD,2025-03-26 18:10:22+01:00,Flushed AMOGUS,"[0, 0, 0, 0, 0]","['LOL', 86, 'OOOO', 27, 'jah', 23]"
per8immon,1083,41007.0,3508,LUL,is,u,28,12,2025-02-21 19:01:06+01:00,lul,2025-03-26 17:55:35+01:00,@rezarex3 lul,"[0, 0, 0, 0, 0]","['ICANT', 24, 'HUH', 23, 'WW', 22]"
peroni_nasturo_azuro,1735,24859.0,15745,a,you,the,67,7,2024-05-01 21:36:02+02:00,roadhog is a british football fan he loves peroni,2024-10-20 19:04:01+02:00,"@1206paul_ i refreshed and the code isnt in chat, code? for the game bro?","[1, 0, 1, 0, 0]","['Pffttt', 31, 'ok', 19, 'life', 16]"
phrank007,10191,190937.0,41279,ome44,FEIN,DORO,164,28,2024-08-19 18:01:09+02:00,phrank007 subscribed with Prime. They've subscribed for 2 months! ,2025-03-26 17:19:27+01:00,klimzaWhat klimzaWhat klimzaWhat klimzaWhat klimzaWhat klimzaWhat klimzaWhat klimzaWhat,"[1, 1, 0, 1, 0]","['ome44', 3905, 'ome52', 760, 'LOL', 611]"
pige0n98,934,82647.0,2998,LETSGO,DORO,TEAM,55,27,2024-12-27 15:09:37+01:00,LOL,2025-03-26 16:14:14+01:00,hi infinity,"[0, 0, 0, 0, 0]","['LETSGO', 148, 'WideRaveTime', 65, 'speed1', 61]"
rautsi__,712,32043.0,1629,ome44,Banger,speed1,28,4,2024-12-18 14:53:50+01:00,Raisins make it better,2025-03-26 16:22:36+01:00,Alarm test Alarm Û†ÄÄ,"[0, 0, 0, 0, 0]","['ome44', 66, 'speed1', 55, 'OOOO', 43]"
rebbel576,2697,43861.5,13680,u,the,ome44,21,8,2024-12-30 20:46:42+01:00,what the sigma,2025-03-15 00:09:24+01:00,hiii is better,"[0, 0, 0, 0, 0]","['ome44', 246, 'LOL', 240, 'STREAMER', 70]"
reinerxnx,609,19761.0,1824,u,lol,peepoDJ,16,3,2024-08-20 15:14:08+02:00,It's the best game to be made.,2025-03-25 16:01:44+01:00,why its always ts and not regular minecraft,"[0, 0, 0, 0, 0]","['peepoDJ', 30, 'paul', 13, 'OMEYES', 12]"
reshawator,574,20941.0,2544,you,is,the,15,5,2024-11-05 14:44:59+01:00,i saw the in rocket league video on ig and had to check out the stream,2024-12-04 16:34:39+01:00,my internet is le tweaking,"[0, 0, 0, 0, 0]","['LOL', 9, '!play', 6, 'mhm', 5]"
residentflicker,933,101175.0,4449,you,I,She,93,7,2024-07-11 16:25:11+02:00,You look like that girl from Arrow TV show,2025-03-25 15:52:45+01:00,NOTED,"[1, 1, 0, 0, 0]","['PepeLaugh', 67, 'LOL', 57, 'OMEGALUL', 43]"
riesenklotz,10006,140766.0,47177,you,the,i,87,42,2024-07-07 20:47:21+02:00,no,2024-11-09 17:56:34+01:00,@nikushakark what is this,"[1, 0, 1, 0, 0]","['paul', 208, 'ok', 173, 'ome99', 142]"
rodrigo_20771,4274,-28828.0,23258,speed1,ome44,Banger,17,17,2025-03-08 15:21:45+01:00,hi,2025-03-26 20:34:21+01:00,JustHowItIs,"[0, 0, 0, 0, 0]","['speed1', 10052, 'ome44', 1386, 'OMEYES', 335]"
rodrygerr,1893,32497.0,9894,WW,the,I,21,9,2024-08-30 14:31:20+02:00,Hello :),2024-11-29 16:17:24+01:00,WW,"[1, 0, 0, 0, 0]","['WW', 516, 'D:', 65, 'LOL', 14]"
roteot04,506,27873.0,2266,is,nt,jah,21,6,2025-01-08 14:59:03+01:00,!qna,2025-02-16 16:58:27+01:00,31,"[0, 0, 0, 0, 0]","['nt', 51, 'jah', 41, 'Dinema', 29]"
roxa0,3642,112345.0,12966,i,u,is,94,15,2024-05-01 17:21:02+02:00,yo yo yo,2025-03-25 15:13:51+01:00,aaAAaAAaA,"[1, 1, 1, 1, 0]","['LOL', 187, 'mhm', 77, 'ICANT', 59]"
s1ntr3xyz,817,41924.0,2398,forsenE,you,I,35,6,2024-12-26 14:19:14+01:00,I pledge the alliance to the swag,2025-03-19 15:41:43+01:00,unsupervised internet access since childhood Aware,"[0, 0, 0, 0, 0]","['ome32', 41, 'paul', 20, 'ome44', 19]"
saadr223,678,36074.0,3342,you,the,bro,29,6,2024-06-14 15:55:15+02:00,scripted game,2024-08-22 14:55:02+02:00,bro we use water,"[0, 0, 0, 0, 0]","['arthur', 5, 'life', 3, 'gg', 2]"
saykokerem,583,20127.0,3258,you,I,a,16,4,2024-05-01 20:51:03+02:00,doro big fan,2024-11-25 14:30:34+01:00,famous in russia,"[0, 0, 0, 0, 0]","['Paul', 8, 'paul', 6, 'Banties', 5]"
schiken44,4379,-62178.0,32133,speed1,Smurfing,ome44,16,8,2025-02-27 15:51:43+01:00,ryanArrive,2025-03-26 19:13:51+01:00,"bye chat, gtg sleep Bedge","[0, 0, 0, 0, 0]","['speed1', 10974, 'ome44', 638, 'speed21', 279]"
sekasekas,807,64280.0,2551,i,you,on,58,5,2024-05-04 17:09:56+02:00,klimzaGangsta,2025-03-20 17:45:50+01:00,qq banties,"[0, 1, 0, 1, 0]","['OMEYES', 21, 'qq', 19, 'catPls', 13]"
sekkiiroo,843,47177.0,4596,the,is,u,39,7,2024-06-07 18:09:56+02:00,well now you can start the game,2024-12-09 11:03:35+01:00,when is the next motivational speech for the insta?,"[0, 1, 1, 0, 0]","['LOL', 13, 'paul', 5, 'arthur', 4]"
selcuk_007,879,52970.0,5125,u,?,Dorozea,41,11,2024-12-30 15:00:43+01:00,U have such a cute face,2025-03-26 15:56:13+01:00,Doro  my barber passed away u have any suggestion  ?,"[0, 0, 0, 0, 0]","['Dorozea', 129, 'ok', 9, '!play', 7]"
sercanwinchester,3920,166390.0,8268,LOL,WW,!play,124,37,2024-08-01 16:41:13+02:00,hi,2025-02-28 13:53:12+01:00,!play,"[1, 1, 1, 0, 0]","['LOL', 419, 'WW', 223, '!play', 173]"
shenxir,1575,127641.0,8716,FEIN,ome44,you,97,20,2024-08-22 14:12:14+02:00,shenxir subscribed at Tier 1. ,2025-03-04 18:14:04+01:00,hi,"[1, 1, 0, 1, 0]","['ome44', 216, 'LOL', 109, 'hi', 60]"
shogalul,14383,162978.0,63924,ome44,Banger,the,136,38,2024-10-07 18:43:28+02:00,shogalul subscribed with Prime. ,2025-03-26 18:20:52+01:00,"wait a second, if doro made a video with ibra, maybe that would get attention for her to be invited to the next sidemen charity match OOOO","[0, 1, 0, 0, 1]","['ome44', 7742, 'ome32', 679, 'LOL', 649]"
sisiliann,1794,47426.0,12904,!,you,?,37,8,2024-06-17 17:44:07+02:00,there is a stone sheild that 100% blocks that foof foof attack,2025-03-26 21:01:14+01:00,"i like everything about doro,  except she ignores chats ! she wasnt never like this before !!!","[0, 0, 0, 0, 0]","['hi', 49, 'gg', 31, 'Paul', 16]"
sisq,1024,-10261.0,7005,Smurfing,speed1,IT,13,3,2024-10-19 16:13:35+02:00,cona,2025-03-26 19:19:43+01:00,Smurfing OH YEAH Smurfing OH YEAH,"[0, 1, 0, 0, 0]","['speed1', 754, 'Fiddy', 40, 'SCATTER', 31]"
skibidiparkurkiller1,567,17413.0,3045,the,!boost,I,14,4,2025-02-21 16:36:21+01:00,hi from *****,2025-03-17 16:53:13+01:00,@awabzain thanks,"[0, 0, 0, 0, 0]","['!boost', 133, 'WidelebronJAM', 37, '!play', 20]"
smilodon_j,3551,91855.0,6827,dorozeaSlam,LUL,dorozeaSignOff,56,32,2024-10-03 14:54:36+02:00,LUL,2024-12-12 14:56:20+01:00,dorozeaLOVE dorozeaLOVE dorozeaLOVE,"[0, 1, 0, 1, 0]","['!play', 54, 'bye', 12, 'LOL', 10]"
smurfberater420,520,46754.0,1282,moustache,u,i,47,10,2024-06-18 15:06:07+02:00,nice beard lmao,2024-09-17 16:18:47+02:00,hilfe doro dn Kappa,"[1, 0, 1, 0, 0]","['ok', 9, 'xdd', 9, 'GIGACHAD', 8]"
softarballtt,3132,25015.0,22235,Smurfing,ome44,speed1,37,27,2025-02-11 19:05:31+01:00,Late stream today?,2025-03-26 15:12:30+01:00,first,"[0, 0, 0, 0, 1]","['ome44', 1417, 'speed1', 1167, 'o7', 405]"
stan_iv4,21251,192403.0,49475,ome44,OOOO,FEIN,135,39,2024-10-13 14:12:18+02:00,hi doro,2025-03-26 20:03:03+01:00,yes i do,"[0, 1, 0, 1, 0]","['ome44', 3733, 'OOOO', 1038, 'om', 919]"
stanny781,3023,95041.0,14018,u,the,is,84,7,2024-06-17 18:10:51+02:00,grind isnt boring RAGEY,2025-03-08 18:09:36+01:00,this script is insane,"[1, 1, 0, 0, 0]","['OMEYES', 106, 'LOL', 92, 'WW', 70]"
stfuWobbly,859,37033.0,3909,the,you,a,33,4,2024-09-21 15:54:07+02:00,is this only up but in csgo,2025-02-25 18:31:28+01:00,you were looking at the wrong file btw,"[0, 1, 0, 0, 0]","['mhm', 26, 'Stare', 23, 'MONKA', 12]"
surender_5,757,15867.0,2921,u,i,the,9,6,2024-11-05 17:01:39+01:00,New One here !! üö∂üèª‚Äç‚ôÇÔ∏è,2024-11-15 14:17:38+01:00,hola Doro,"[0, 0, 0, 0, 0]","['!boost', 6, 'Dorozea', 3, '!play', 3]"
swagger2374,623,57158.0,3984,the,you,is,47,9,2024-08-22 17:42:07+02:00,finish the game today,2025-03-20 16:39:34+01:00,L rizz,"[1, 0, 0, 0, 0]","['arthur', 12, '!play', 9, 'mods', 4]"
thebigdogjay,4487,135809.0,17621,om,YEIN,a,120,8,2024-05-06 18:34:18+02:00,oh my god whos is that pig sty,2025-03-26 18:37:17+01:00,@fwfatem god speed o7,"[0, 1, 0, 0, 1]","['om', 576, 'LOL', 159, 'ome44', 146]"
thejohnwack,570,81567.0,824,forsenLaughingAtYou,ome5,ome99,74,7,2024-08-03 14:32:49+02:00,ok,2025-03-17 16:14:49+01:00,BUSSIN,"[1, 1, 1, 0, 0]","['forsenLaughingAtYou', 75, 'ome5', 51, 'ome99', 39]"
theprimephilosophy,1737,-1263.0,9053,is,I,you,15,2,2025-01-05 14:29:00+01:00,SeemsGood,2025-03-20 22:00:08+01:00,You are not,"[0, 0, 0, 0, 0]","['Dorozea', 93, 'ok', 17, '!boost', 16]"
thiccolas1234,1329,90276.0,5390,the,FEIN,a,80,9,2024-10-05 19:02:00+02:00,what in tarnation? ü¶Öü¶Öü¶Ö,2025-03-25 20:54:58+01:00,nice one,"[0, 1, 0, 1, 0]","['ome44', 75, 'WW', 66, '!play', 43]"
thvnkgod,515,4024.0,740,FROM,RUSSIA,WITH,3,1,2024-09-24 18:25:03+02:00,he is so funny,2025-03-25 18:34:57+01:00,butterfly,"[0, 0, 0, 0, 0]","['xd', 3, 'uuh', 1, 'qq', 1]"
trek44_,20756,86915.0,126339,ome44,FEIN,speed1,167,57,2024-09-01 15:07:18+02:00,SNIFFA SNIFFA,2025-03-26 19:23:04+01:00,OMEYES,"[1, 1, 1, 1, 0]","['ome44', 18072, 'speed1', 4837, 'ome32', 2229]"
twitch_jkey,869,77669.0,3580,you,the,is,72,7,2024-09-14 13:32:42+02:00,W,2025-03-12 18:27:01+01:00,gg wp,"[1, 1, 0, 1, 0]","['!play', 13, 'o7', 13, 'ok', 11]"
uuccugr,11016,559292.0,52840,speed1,to,a,95,21,2024-11-17 20:46:57+01:00,hi,2025-03-26 18:43:03+01:00,thanks JARVIS,"[0, 1, 0, 0, 1]","['speed1', 6939, 'FINALLY', 408, 'OOOO', 349]"
vincentvonbroccoli,1072,69523.0,2501,LOL,ome44,the,58,11,2024-11-14 19:55:43+01:00,WW thx for stream,2025-03-15 18:01:00+01:00,thanks for the stream bye,"[0, 1, 0, 0, 0]","['LOL', 123, 'ome44', 97, 'mhm', 51]"
voltzz06,1873,60497.0,5274,the,is,uuh,51,7,2024-09-16 14:48:38+02:00,shut up and play csgo,2025-03-12 17:44:56+01:00,demolition,"[0, 1, 0, 0, 0]","['uuh', 83, 'LOL', 72, 'widetime', 33]"
wabiiisabii,983,69066.0,2333,xd,qq,ome44,68,8,2024-10-14 20:24:03+02:00,hiii hiii,2025-03-26 19:14:00+01:00,@schiken44 buh bye,"[0, 1, 0, 1, 0]","['xd', 121, 'qq', 84, 'ome44', 71]"
whiteknightnipples,1212,116821.0,2841,mhm,the,u,108,8,2024-05-03 22:22:41+02:00,u can were glasses that can reflect the broadcast mhm,2025-03-12 15:37:30+01:00,WHAT,"[1, 0, 0, 0, 0]","['mhm', 128, 'uuh', 43, '!play', 28]"
winterwolf_Audrey1234,1015,77606.0,4028,Joel,a,doro,61,16,2025-01-01 14:12:18+01:00,Love your streams broo,2025-03-24 15:52:00+01:00,Wowww,"[0, 0, 0, 0, 1]","['Joel', 111, 'speed1', 34, 'Ohh', 14]"
xXGenly_Top_AwpXx,790,47003.5,5725,the,i,a,32,6,2024-05-19 17:12:32+02:00,you open cases now?,2025-02-01 14:44:59+01:00,i tried so hard and came so far,"[0, 0, 0, 0, 0]","['paul', 16, '!play', 12, 'life', 5]"
xan_gny,661,131921.0,4419,1,xan_gny,Tier,78,12,2024-08-23 17:05:23+02:00,!play,2025-03-26 16:48:52+01:00,xan_gny gifted a Tier 1 sub to zaedahz! ,"[1, 0, 0, 0, 0]","['!play', 115, 'WW', 11, 'gg', 7]"
xprophet_x,734,63586.0,2635,you,u,I,56,7,2024-07-23 18:00:17+02:00,hello Doro,2025-01-29 19:08:32+01:00,!boost,"[1, 1, 0, 0, 0]","['!play', 20, '!boost', 10, 'ok', 7]"
xxxflower1,791,11241.0,2945,?,the,you,10,4,2024-06-09 16:33:24+02:00,first try btw,2024-06-24 14:30:32+02:00,alright,"[0, 0, 0, 0, 0]","['OMEGALUL', 47, '!play', 24, 'PepeLaugh', 22]"
yassien321,561,51718.0,1831,the,i,u,47,4,2024-08-19 14:56:21+02:00,w ego,2025-03-17 15:55:23+01:00,!play,"[1, 1, 0, 0, 0]","['paul', 7, 'BibleThump', 6, '!play', 5]"
yeldon64,989,55772.0,4569,ome44,qq,the,49,20,2025-01-10 14:08:33+01:00,What happened?,2025-03-26 18:20:10+01:00,"JARVIS unshit my pants, im gonna watch some peak gamplay","[0, 0, 0, 0, 0]","['ome44', 1022, 'qq', 53, '!play', 36]"
ylb_cat_soul22,3222,144452.0,13338,i,you,the,112,28,2024-05-01 17:10:11+02:00,TRUEING,2024-12-07 18:18:56+01:00,@Martin_Gales i am not that famose chill down,"[1, 0, 1, 0, 0]","['nt', 109, 'gg', 84, 'paul', 82]"
zaxkyyy_,673,56871.0,2587,LUL,DinoDance,u,40,16,2024-05-01 18:12:45+02:00,yessss,2024-10-08 16:53:16+02:00,oh no,"[0, 0, 0, 0, 0]","['BibleThump', 29, 'nt', 23, '!play', 10]"
zimonspp,1595,53563.0,4181,RalpherZ,Û†ÄÄ,you,32,21,2024-09-17 18:24:48+02:00,forsen,2024-10-29 19:48:08+01:00,1,"[0, 0, 0, 0, 0]","['!play', 29, '!boost', 23, 'LOL', 19]"
zimonsps,2058,68244.0,6879,RalpherZ,CHAT,arnoldHalt,73,15,2024-10-30 17:28:57+01:00,RalpherZ,2025-03-26 19:37:08+01:00,do you play any games other than cyberpunk?,"[0, 1, 0, 0, 0]","['arnoldHalt', 165, 'zyzzBass', 148, 'ome44', 78]"
zwaaarm,814,38530.0,3696,u,the,is,31,6,2024-05-15 16:26:21+02:00,yo,2025-03-20 18:43:55+01:00,whats whiter than Doro?,"[0, 0, 0, 0, 0]","['ok', 14, '!unfollow', 10, 'Paul', 7]"
„Éô„Éº„Çø,1299,46589.0,7521,the,you,is,36,8,2024-05-27 20:09:11+02:00,youre still stuck on tree sentinel?,2025-03-04 21:06:45+01:00,@flyphoenix777 cockblocked by mods,"[0, 0, 0, 0, 0]","['Prayge', 32, 'GIGACHAD', 10, 'mods', 8]"
Áà™Âè£ÈïøÂ∑•,2049,111996.0,8835,the,you,NO,94,15,2024-05-01 18:25:05+02:00,overwatch today? Hmm,2024-12-28 19:18:32+01:00,that's all thank you,"[1, 1, 0, 1, 0]","['ome44', 95, 'mhm', 56, 'Pffttt', 37]"
